-- Populate VaccineType table
INSERT INTO VaccineType VALUES ('V01', 'AstraZeneca', 2, 2, 8) ON CONFLICT DO NOTHING;
INSERT INTO VaccineType VALUES ('V02', 'Moderna', 2, -25, -15) ON CONFLICT DO NOTHING;
INSERT INTO VaccineType VALUES ('V03', 'Comirnaty', 2, -90, -60) ON CONFLICT DO NOTHING;


-- Populate Manufacturer table
INSERT INTO Manufacturer VALUES ('M1', 'India', '+91-20-26993999', 'V01') ON CONFLICT DO NOTHING;
INSERT INTO Manufacturer VALUES ('M2', 'Germany', '+49-0-349019999', 'V01') ON CONFLICT DO NOTHING;
INSERT INTO Manufacturer VALUES ('M3', 'England', '+617-714-6599', 'V02') ON CONFLICT DO NOTHING;
INSERT INTO Manufacturer VALUES ('M4', 'Germany', '+49-6131-9084-99', 'V03') ON CONFLICT DO NOTHING;
INSERT INTO Manufacturer VALUES ('M5', 'Belgium', '+49-6131-9084-99', 'V03') ON CONFLICT DO NOTHING;


-- Populate VaccinationStations table
INSERT INTO VaccinationStations VALUES ('Messukeskus', 'Ratapihantie 17 00520 HELSINKI', '093-101-0024') ON CONFLICT DO NOTHING;
INSERT INTO VaccinationStations VALUES ('Malmi', 'Vanha Helsingintie 5 00700 HELSINKI', '093-105-7702') ON CONFLICT DO NOTHING;
INSERT INTO VaccinationStations VALUES ('Tapiola Health Center', 'Ahertajantie 2 02100 ESPOO', '098-162-7770') ON CONFLICT DO NOTHING;
INSERT INTO VaccinationStations VALUES ('Iso Omena Vaccination Point', 'Suomelahdentie 1 02230 ESPOO', '098-163-4500') ON CONFLICT DO NOTHING;
INSERT INTO VaccinationStations VALUES ('Sanomala Vaccination Point', 'Sanomatie 1 01770 VANTAA', '093-105-3153') ON CONFLICT DO NOTHING;
INSERT INTO VaccinationStations VALUES ('Myyrmäki Energia Areena', 'Rajatorpantie 23 01600 VANTAA', '093-104-5930') ON CONFLICT DO NOTHING;


-- Populate VaccineBatch table
INSERT INTO VaccineBatch VALUES ('B01', 10, 'V01', 'M1', '2021-01-24 00:00:00', '2021-07-24 00:00:00', 'Sanomala Vaccination Point') ON CONFLICT DO NOTHING;
INSERT INTO VaccineBatch VALUES ('B02', 10, 'V01', 'M1', '2021-01-24 00:00:00', '2021-07-24 00:00:00', 'Messukeskus') ON CONFLICT DO NOTHING;
INSERT INTO VaccineBatch VALUES ('B03', 20, 'V01', 'M1', '2021-03-01 00:00:00', '2021-09-01 00:00:00', 'Myyrmäki Energia Areena') ON CONFLICT DO NOTHING;
INSERT INTO VaccineBatch VALUES ('B04', 20, 'V01', 'M1', '2021-03-01 00:00:00', '2021-09-01 00:00:00', 'Malmi') ON CONFLICT DO NOTHING;
INSERT INTO VaccineBatch VALUES ('B05', 20, 'V01', 'M1', '2021-01-24 00:00:00', '2021-07-24 00:00:00', 'Messukeskus') ON CONFLICT DO NOTHING;
INSERT INTO VaccineBatch VALUES ('B06', 10, 'V01', 'M2', '2021-01-24 00:00:00', '2021-07-24 00:00:00', 'Iso Omena Vaccination Point') ON CONFLICT DO NOTHING;
INSERT INTO VaccineBatch VALUES ('B07', 10, 'V01', 'M2', '2021-03-01 00:00:00', '2021-09-01 00:00:00', 'Myyrmäki Energia Areena') ON CONFLICT DO NOTHING;
INSERT INTO VaccineBatch VALUES ('B08', 10, 'V01', 'M2', '2021-03-01 00:00:00', '2021-09-01 00:00:00', 'Tapiola Health Center') ON CONFLICT DO NOTHING;
INSERT INTO VaccineBatch VALUES ('B09', 15, 'V02', 'M3', '2021-01-24 00:00:00', '2021-07-24 00:00:00', 'Messukeskus') ON CONFLICT DO NOTHING;
INSERT INTO VaccineBatch VALUES ('B10', 15, 'V02', 'M3', '2021-01-24 00:00:00', '2021-07-24 00:00:00', 'Messukeskus') ON CONFLICT DO NOTHING;
INSERT INTO VaccineBatch VALUES ('B11', 15, 'V02', 'M3', '2021-01-24 00:00:00', '2021-07-24 00:00:00', 'Tapiola Health Center') ON CONFLICT DO NOTHING;
INSERT INTO VaccineBatch VALUES ('B12', 15, 'V02', 'M3', '2021-01-24 00:00:00', '2021-07-24 00:00:00', 'Sanomala Vaccination Point') ON CONFLICT DO NOTHING;
INSERT INTO VaccineBatch VALUES ('B13', 15, 'V02', 'M3', '2021-01-24 00:00:00', '2021-07-24 00:00:00', 'Iso Omena Vaccination Point') ON CONFLICT DO NOTHING;
INSERT INTO VaccineBatch VALUES ('B14', 15, 'V02', 'M3', '2021-03-01 00:00:00', '2021-09-01 00:00:00', 'Messukeskus') ON CONFLICT DO NOTHING;
INSERT INTO VaccineBatch VALUES ('B15', 15, 'V02', 'M3', '2021-03-01 00:00:00', '2021-09-01 00:00:00', 'Malmi') ON CONFLICT DO NOTHING;
INSERT INTO VaccineBatch VALUES ('B16', 15, 'V02', 'M3', '2021-03-01 00:00:00', '2021-09-01 00:00:00', 'Tapiola Health Center') ON CONFLICT DO NOTHING;
INSERT INTO VaccineBatch VALUES ('B17', 15, 'V02', 'M3', '2021-03-01 00:00:00', '2021-09-01 00:00:00', 'Myyrmäki Energia Areena') ON CONFLICT DO NOTHING;
INSERT INTO VaccineBatch VALUES ('B18', 15, 'V02', 'M3', '2021-04-04 00:00:00', '2021-10-04 00:00:00', 'Tapiola Health Center') ON CONFLICT DO NOTHING;
INSERT INTO VaccineBatch VALUES ('B19', 15, 'V02', 'M3', '2021-04-04 00:00:00', '2021-10-04 00:00:00', 'Messukeskus') ON CONFLICT DO NOTHING;
INSERT INTO VaccineBatch VALUES ('B20', 15, 'V02', 'M3', '2021-04-04 00:00:00', '2021-10-04 00:00:00', 'Messukeskus') ON CONFLICT DO NOTHING;
INSERT INTO VaccineBatch VALUES ('B21', 15, 'V02', 'M3', '2021-04-04 00:00:00', '2021-10-04 00:00:00', 'Iso Omena Vaccination Point') ON CONFLICT DO NOTHING;
INSERT INTO VaccineBatch VALUES ('B22', 15, 'V02', 'M3', '2021-04-04 00:00:00', '2021-10-04 00:00:00', 'Myyrmäki Energia Areena') ON CONFLICT DO NOTHING;
INSERT INTO VaccineBatch VALUES ('B23', 15, 'V02', 'M3', '2021-04-04 00:00:00', '2021-10-04 00:00:00', 'Sanomala Vaccination Point') ON CONFLICT DO NOTHING;
INSERT INTO VaccineBatch VALUES ('B24', 15, 'V02', 'M3', '2021-04-04 00:00:00', '2021-10-04 00:00:00', 'Malmi') ON CONFLICT DO NOTHING;
INSERT INTO VaccineBatch VALUES ('B25', 15, 'V03', 'M4', '2021-01-24 00:00:00', '2021-07-24 00:00:00', 'Malmi') ON CONFLICT DO NOTHING;
INSERT INTO VaccineBatch VALUES ('B26', 15, 'V03', 'M4', '2021-01-24 00:00:00', '2021-07-24 00:00:00', 'Messukeskus') ON CONFLICT DO NOTHING;
INSERT INTO VaccineBatch VALUES ('B27', 15, 'V03', 'M5', '2021-01-24 00:00:00', '2021-07-24 00:00:00', 'Myyrmäki Energia Areena') ON CONFLICT DO NOTHING;
INSERT INTO VaccineBatch VALUES ('B28', 15, 'V03', 'M5', '2021-01-24 00:00:00', '2021-07-24 00:00:00', 'Iso Omena Vaccination Point') ON CONFLICT DO NOTHING;
INSERT INTO VaccineBatch VALUES ('B29', 10, 'V03', 'M5', '2021-03-01 00:00:00', '2021-09-01 00:00:00', 'Myyrmäki Energia Areena') ON CONFLICT DO NOTHING;
INSERT INTO VaccineBatch VALUES ('B30', 10, 'V03', 'M5', '2021-04-04 00:00:00', '2021-10-04 00:00:00', 'Iso Omena Vaccination Point') ON CONFLICT DO NOTHING;


-- Populate Transportation log table
INSERT INTO TransportationLog VALUES ('B01', 'Malmi', 'Messukeskus', '2021-02-24 00:00:00', '2021-02-24 00:00:00') ON CONFLICT DO NOTHING;
INSERT INTO TransportationLog VALUES ('B01', 'Tapiola Health Center', 'Malmi', '2021-03-01 00:00:00', '2021-03-01 00:00:00') ON CONFLICT DO NOTHING;
INSERT INTO TransportationLog VALUES ('B01', 'Sanomala Vaccination Point', 'Tapiola Health Center', '2021-04-30 00:00:00', '2021-04-30 00:00:00') ON CONFLICT DO NOTHING;
INSERT INTO TransportationLog VALUES ('B02', 'Sanomala Vaccination Point', 'Messukeskus', '2021-04-24 00:00:00', '2021-04-24 00:00:00') ON CONFLICT DO NOTHING;
INSERT INTO TransportationLog VALUES ('B03', 'Malmi', 'Messukeskus', '2021-03-10 00:00:00', '2021-03-10 00:00:00') ON CONFLICT DO NOTHING;
INSERT INTO TransportationLog VALUES ('B03', 'Iso Omena Vaccination Point', 'Malmi', '2021-03-15 00:00:00', '2021-03-15 00:00:00') ON CONFLICT DO NOTHING;
INSERT INTO TransportationLog VALUES ('B03', 'Sanomala Vaccination Point', 'Iso Omena Vaccination Point', '2021-04-15 00:00:00', '2021-04-15 00:00:00') ON CONFLICT DO NOTHING;
INSERT INTO TransportationLog VALUES ('B03', 'Myyrmäki Energia Areena', 'Sanomala Vaccination Point', '2021-05-01 00:00:00', '2021-05-01 00:00:00') ON CONFLICT DO NOTHING;
INSERT INTO TransportationLog VALUES ('B04', 'Malmi', 'Messukeskus', '2021-03-20 00:00:00', '2021-03-20 00:00:00') ON CONFLICT DO NOTHING;
INSERT INTO TransportationLog VALUES ('B06', 'Tapiola Health Center', 'Messukeskus', '2021-01-30 00:00:00', '2021-01-30 00:00:00') ON CONFLICT DO NOTHING;
INSERT INTO TransportationLog VALUES ('B06', 'Iso Omena Vaccination Point', 'Tapiola Health Center', '2021-02-02 00:00:00', '2021-02-02 00:00:00') ON CONFLICT DO NOTHING;
INSERT INTO TransportationLog VALUES ('B06', 'Myyrmäki Energia Areena', 'Iso Omena Vaccination Point', '2021-02-05 00:00:00', '2021-02-05 00:00:00') ON CONFLICT DO NOTHING;
INSERT INTO TransportationLog VALUES ('B07', 'Malmi', 'Messukeskus', '2021-04-10 00:00:00', '2021-04-10 00:00:00') ON CONFLICT DO NOTHING;
INSERT INTO TransportationLog VALUES ('B07', 'Myyrmäki Energia Areena', 'Malmi', '2021-04-15 00:00:00', '2021-04-15 00:00:00') ON CONFLICT DO NOTHING;
INSERT INTO TransportationLog VALUES ('B08', 'Tapiola Health Center', 'Messukeskus', '2021-03-14 00:00:00', '2021-03-14 00:00:00') ON CONFLICT DO NOTHING;
INSERT INTO TransportationLog VALUES ('B12', 'Sanomala Vaccination Point', 'Messukeskus', '2021-02-24 00:00:00', '2021-02-24 00:00:00') ON CONFLICT DO NOTHING;
INSERT INTO TransportationLog VALUES ('B12', 'Iso Omena Vaccination Point', 'Sanomala Vaccination Point', '2021-03-25 00:00:00', '2021-03-25 00:00:00') ON CONFLICT DO NOTHING;
INSERT INTO TransportationLog VALUES ('B12', 'Sanomala Vaccination Point', 'Iso Omena Vaccination Point', '2021-03-30 00:00:00', '2021-03-30 00:00:00') ON CONFLICT DO NOTHING;
INSERT INTO TransportationLog VALUES ('B13', 'Malmi', 'Messukeskus', '2021-02-21 00:00:00', '2021-02-21 00:00:00') ON CONFLICT DO NOTHING;
INSERT INTO TransportationLog VALUES ('B13', 'Myyrmäki Energia Areena', 'Malmi', '2021-02-28 00:00:00', '2021-02-28 00:00:00') ON CONFLICT DO NOTHING;
INSERT INTO TransportationLog VALUES ('B13', 'Sanomala Vaccination Point', 'Myyrmäki Energia Areena', '2021-03-05 00:00:00', '2021-03-05 00:00:00') ON CONFLICT DO NOTHING;
INSERT INTO TransportationLog VALUES ('B13', 'Iso Omena Vaccination Point', 'Sanomala Vaccination Point', '2021-03-07 00:00:00', '2021-03-07 00:00:00') ON CONFLICT DO NOTHING;
INSERT INTO TransportationLog VALUES ('B15', 'Malmi', 'Messukeskus', '2021-04-01 00:00:00', '2021-04-01 00:00:00') ON CONFLICT DO NOTHING;
INSERT INTO TransportationLog VALUES ('B16', 'Tapiola Health Center', 'Messukeskus', '2021-04-10 00:00:00', '2021-04-10 00:00:00') ON CONFLICT DO NOTHING;
INSERT INTO TransportationLog VALUES ('B17', 'Tapiola Health Center', 'Messukeskus', '2021-04-01 00:00:00', '2021-04-01 00:00:00') ON CONFLICT DO NOTHING;
INSERT INTO TransportationLog VALUES ('B17', 'Sanomala Vaccination Point', 'Tapiola Health Center', '2021-04-27 00:00:00', '2021-04-27 00:00:00') ON CONFLICT DO NOTHING;
INSERT INTO TransportationLog VALUES ('B17', 'Myyrmäki Energia Areena', 'Sanomala Vaccination Point', '2021-05-04 00:00:00', '2021-05-04 00:00:00') ON CONFLICT DO NOTHING;
INSERT INTO TransportationLog VALUES ('B18', 'Tapiola Health Center', 'Messukeskus', '2021-04-08 00:00:00', '2021-04-08 00:00:00') ON CONFLICT DO NOTHING;
INSERT INTO TransportationLog VALUES ('B21', 'Malmi', 'Messukeskus', '2021-04-19 00:00:00', '2021-04-19 00:00:00') ON CONFLICT DO NOTHING;
INSERT INTO TransportationLog VALUES ('B21', 'Myyrmäki Energia Areena', 'Malmi', '2021-04-25 00:00:00', '2021-04-25 00:00:00') ON CONFLICT DO NOTHING;
INSERT INTO TransportationLog VALUES ('B21', 'Iso Omena Vaccination Point', 'Myyrmäki Energia Areena', '2021-04-28 00:00:00', '2021-04-28 00:00:00') ON CONFLICT DO NOTHING;
INSERT INTO TransportationLog VALUES ('B22', 'Malmi', 'Messukeskus', '2021-04-09 00:00:00', '2021-04-09 00:00:00') ON CONFLICT DO NOTHING;
INSERT INTO TransportationLog VALUES ('B22', 'Sanomala Vaccination Point', 'Malmi', '2021-04-20 00:00:00', '2021-04-20 00:00:00') ON CONFLICT DO NOTHING;
INSERT INTO TransportationLog VALUES ('B22', 'Myyrmäki Energia Areena', 'Sanomala Vaccination Point', '2021-04-25 00:00:00', '2021-04-25 00:00:00') ON CONFLICT DO NOTHING;
INSERT INTO TransportationLog VALUES ('B23', 'Sanomala Vaccination Point', 'Messukeskus', '2021-04-15 00:00:00', '2021-04-15 00:00:00') ON CONFLICT DO NOTHING;
INSERT INTO TransportationLog VALUES ('B24', 'Iso Omena Vaccination Point', 'Messukeskus', '2021-05-01 00:00:00', '2021-05-01 00:00:00') ON CONFLICT DO NOTHING;
INSERT INTO TransportationLog VALUES ('B24', 'Malmi', 'Iso Omena Vaccination Point', '2021-05-05 00:00:00', '2021-05-05 00:00:00') ON CONFLICT DO NOTHING;
INSERT INTO TransportationLog VALUES ('B25', 'Malmi', 'Messukeskus', '2021-01-28 00:00:00', '2021-01-28 00:00:00') ON CONFLICT DO NOTHING;
INSERT INTO TransportationLog VALUES ('B27', 'Malmi', 'Messukeskus', '2021-01-28 00:00:00', '2021-01-28 00:00:00') ON CONFLICT DO NOTHING;
INSERT INTO TransportationLog VALUES ('B27', 'Tapiola Health Center', 'Malmi', '2021-01-31 00:00:00', '2021-01-31 00:00:00') ON CONFLICT DO NOTHING;
INSERT INTO TransportationLog VALUES ('B27', 'Myyrmäki Energia Areena', 'Tapiola Health Center', '2021-02-06 00:00:00', '2021-02-06 00:00:00') ON CONFLICT DO NOTHING;
INSERT INTO TransportationLog VALUES ('B28', 'Sanomala Vaccination Point', 'Messukeskus', '2021-02-24 00:00:00', '2021-02-24 00:00:00') ON CONFLICT DO NOTHING;
INSERT INTO TransportationLog VALUES ('B28', 'Iso Omena Vaccination Point', 'Sanomala Vaccination Point', '2021-02-28 00:00:00', '2021-02-28 00:00:00') ON CONFLICT DO NOTHING;
INSERT INTO TransportationLog VALUES ('B29', 'Iso Omena Vaccination Point', 'Messukeskus', '2021-03-10 00:00:00', '2021-03-10 00:00:00') ON CONFLICT DO NOTHING;
INSERT INTO TransportationLog VALUES ('B29', 'Myyrmäki Energia Areena', 'Iso Omena Vaccination Point', '2021-04-12 00:00:00', '2021-04-12 00:00:00') ON CONFLICT DO NOTHING;
INSERT INTO TransportationLog VALUES ('B29', 'Sanomala Vaccination Point', 'Myyrmäki Energia Areena', '2021-04-20 00:00:00', '2021-04-20 00:00:00') ON CONFLICT DO NOTHING;
INSERT INTO TransportationLog VALUES ('B30', 'Malmi', 'Messukeskus', '2021-04-30 00:00:00', '2021-04-30 00:00:00') ON CONFLICT DO NOTHING;
INSERT INTO TransportationLog VALUES ('B30', 'Myyrmäki Energia Areena', 'Malmi', '2021-05-04 00:00:00', '2021-05-04 00:00:00') ON CONFLICT DO NOTHING;
INSERT INTO TransportationLog VALUES ('B30', 'Sanomala Vaccination Point', 'Myyrmäki Energia Areena', '2021-05-07 00:00:00', '2021-05-07 00:00:00') ON CONFLICT DO NOTHING;
INSERT INTO TransportationLog VALUES ('B30', 'Iso Omena Vaccination Point', 'Sanomala Vaccination Point', '2021-05-09 00:00:00', '2021-05-09 00:00:00') ON CONFLICT DO NOTHING;


-- Populate StaffMembers table
INSERT INTO Staffmembers VALUES ('19710226-109L', 'Cristopher Tillman', '1971-02-26 00:00:00', '040-115-0704', 'nurse', '1', 'Messukeskus') ON CONFLICT DO NOTHING;
INSERT INTO Staffmembers VALUES ('19720212-5327', 'Brielle Botsford', '1972-02-12 00:00:00', '040-416-5419', 'nurse', '1', 'Messukeskus') ON CONFLICT DO NOTHING;
INSERT INTO Staffmembers VALUES ('19740308-7818', 'Elwyn Heathcote', '1974-03-08 00:00:00', '040-077-0520', 'nurse', '1', 'Messukeskus') ON CONFLICT DO NOTHING;
INSERT INTO Staffmembers VALUES ('19740516-4369', 'Jeramy Feest', '1974-05-16 00:00:00', '041-284-2831', 'nurse', '1', 'Messukeskus') ON CONFLICT DO NOTHING;
INSERT INTO Staffmembers VALUES ('19740731-5488', 'Rosalia Simonis', '1974-07-31 00:00:00', '041-608-6703', 'doctor', '1', 'Messukeskus') ON CONFLICT DO NOTHING;
INSERT INTO Staffmembers VALUES ('19750726-4531', 'Shaylee Kris', '1975-07-26 00:00:00', '040-018-1740', 'doctor', '1', 'Messukeskus') ON CONFLICT DO NOTHING;
INSERT INTO Staffmembers VALUES ('19751212-3265', 'Hilbert Purdy', '1975-12-12 00:00:00', '040-154-3703', 'doctor', '1', 'Messukeskus') ON CONFLICT DO NOTHING;
INSERT INTO Staffmembers VALUES ('19760102-8374', 'Elnora Greenholt', '1976-01-02 00:00:00', '050-930-9351', 'doctor', '1', 'Messukeskus') ON CONFLICT DO NOTHING;
INSERT INTO Staffmembers VALUES ('19760420-5220', 'Darryl Douglas', '1976-04-20 00:00:00', '040-363-8047', 'doctor', '0', 'Messukeskus') ON CONFLICT DO NOTHING;
INSERT INTO Staffmembers VALUES ('19761205-4219', 'Richmond Kuvalis', '1976-12-05 00:00:00', '040-722-7332', 'nurse', '1', 'Malmi') ON CONFLICT DO NOTHING;
INSERT INTO Staffmembers VALUES ('19781030-815P', 'Candido Anderson', '1978-10-30 00:00:00', '040-800-8852', 'nurse', '1', 'Malmi') ON CONFLICT DO NOTHING;
INSERT INTO Staffmembers VALUES ('19790212-2618', 'Aimee Bruen', '1979-02-12 00:00:00', '050-867-1567', 'nurse', '1', 'Malmi') ON CONFLICT DO NOTHING;
INSERT INTO Staffmembers VALUES ('19790817-5492', 'Keshawn DuBuque', '1979-08-17 00:00:00', '050-830-6384', 'nurse', '1', 'Malmi') ON CONFLICT DO NOTHING;
INSERT INTO Staffmembers VALUES ('19810923-245N', 'Ollie Becker', '1981-09-23 00:00:00', '040-321-9861', 'nurse', '1', 'Malmi') ON CONFLICT DO NOTHING;
INSERT INTO Staffmembers VALUES ('19860607-9671', 'Mario Wuckert', '1986-06-07 00:00:00', '040-739-4876', 'doctor', '1', 'Malmi') ON CONFLICT DO NOTHING;
INSERT INTO Staffmembers VALUES ('19871016-6825', 'Austen Simonis', '1987-10-16 00:00:00', '050-688-1407', 'doctor', '1', 'Malmi') ON CONFLICT DO NOTHING;
INSERT INTO Staffmembers VALUES ('19771112-4048', 'Greg Schuppe', '1977-11-12 00:00:00', '044-508-7140', 'nurse', '1', 'Tapiola Health Center') ON CONFLICT DO NOTHING;
INSERT INTO Staffmembers VALUES ('19910122-1693', 'Ashley Konopelski', '1991-01-22 00:00:00', '041-898-5555', 'nurse', '1', 'Tapiola Health Center') ON CONFLICT DO NOTHING;
INSERT INTO Staffmembers VALUES ('19920802-4854', 'Kaden Tromp', '1992-08-02 00:00:00', '044-624-1591', 'nurse', '1', 'Tapiola Health Center') ON CONFLICT DO NOTHING;
INSERT INTO Staffmembers VALUES ('19900103-6172', 'Philip Smitham', '1990-01-03 00:00:00', '044-086-4206', 'nurse', '1', 'Tapiola Health Center') ON CONFLICT DO NOTHING;
INSERT INTO Staffmembers VALUES ('19930315-7195', 'Jeromy McKenzie', '1993-03-15 00:00:00', '040-135-4985', 'nurse', '1', 'Tapiola Health Center') ON CONFLICT DO NOTHING;
INSERT INTO Staffmembers VALUES ('19740919-7140', 'Deon Hoppe', '1974-09-19 00:00:00', '040-399-1121', 'nurse', '0', 'Tapiola Health Center') ON CONFLICT DO NOTHING;
INSERT INTO Staffmembers VALUES ('19940615-4448', 'Jordy Hilpert', '1994-06-15 00:00:00', '044-506-1982', 'doctor', '1', 'Tapiola Health Center') ON CONFLICT DO NOTHING;
INSERT INTO Staffmembers VALUES ('19920720-966R', 'Florine Leannon', '1992-07-20 00:00:00', '044-525-4083', 'doctor', '1', 'Tapiola Health Center') ON CONFLICT DO NOTHING;
INSERT INTO Staffmembers VALUES ('19831020-4745', 'Madisyn Shanahan', '1983-10-20 00:00:00', '044-646-8740', 'doctor', '1', 'Tapiola Health Center') ON CONFLICT DO NOTHING;
INSERT INTO Staffmembers VALUES ('19930608-7263', 'Autumn Abshire', '1993-06-08 00:00:00', '050-116-0560', 'nurse', '1', 'Iso Omena Vaccination Point') ON CONFLICT DO NOTHING;
INSERT INTO Staffmembers VALUES ('19701208-3270', 'Blanca Gaylord', '1970-12-08 00:00:00', '050-833-6807', 'nurse', '1', 'Iso Omena Vaccination Point') ON CONFLICT DO NOTHING;
INSERT INTO Staffmembers VALUES ('19820721-424H', 'Hiram Nicolas', '1982-07-21 00:00:00', '050-904-1622', 'nurse', '1', 'Iso Omena Vaccination Point') ON CONFLICT DO NOTHING;
INSERT INTO Staffmembers VALUES ('19731007-1310', 'Itzel Ernser', '1973-10-07 00:00:00', '050-354-1907', 'nurse', '1', 'Iso Omena Vaccination Point') ON CONFLICT DO NOTHING;
INSERT INTO Staffmembers VALUES ('19920211-1565', 'Rafaela Jerde', '1992-02-11 00:00:00', '040-860-5999', 'nurse', '1', 'Iso Omena Vaccination Point') ON CONFLICT DO NOTHING;
INSERT INTO Staffmembers VALUES ('19571227-3064', 'Norwood Murphy', '1957-12-27 00:00:00', '044-488-4064', 'nurse', '0', 'Iso Omena Vaccination Point') ON CONFLICT DO NOTHING;
INSERT INTO Staffmembers VALUES ('19680115-6662', 'Ned Bergnaum', '1968-01-15 00:00:00', '040-262-4581', 'nurse', '1', 'Iso Omena Vaccination Point') ON CONFLICT DO NOTHING;
INSERT INTO Staffmembers VALUES ('19731009-8366', 'Rosie Hansen', '1973-10-09 00:00:00', '050-670-4220', 'doctor', '1', 'Iso Omena Vaccination Point') ON CONFLICT DO NOTHING;
INSERT INTO Staffmembers VALUES ('19900513-9211', 'Monte Raynor', '1990-05-13 00:00:00', '040-114-9158', 'doctor', '1', 'Iso Omena Vaccination Point') ON CONFLICT DO NOTHING;
INSERT INTO Staffmembers VALUES ('19800310-4996', 'Vesta Considine', '1980-03-10 00:00:00', '044-022-9671', 'nurse', '1', 'Sanomala Vaccination Point') ON CONFLICT DO NOTHING;
INSERT INTO Staffmembers VALUES ('19630812-6581', 'Jazlyn Schneider', '1963-08-12 00:00:00', '040-868-2528', 'nurse', '1', 'Sanomala Vaccination Point') ON CONFLICT DO NOTHING;
INSERT INTO Staffmembers VALUES ('19771003-5988', 'Samir Hills', '1977-10-03 00:00:00', '040-093-0059', 'nurse', '1', 'Sanomala Vaccination Point') ON CONFLICT DO NOTHING;
INSERT INTO Staffmembers VALUES ('19660601-1051', 'Kelvin Hamill', '1966-06-01 00:00:00', '040-499-1574', 'doctor', '1', 'Sanomala Vaccination Point') ON CONFLICT DO NOTHING;
INSERT INTO Staffmembers VALUES ('19880817-8027', 'Haylie Wintheiser', '1988-08-17 00:00:00', '050-448-8894', 'nurse', '1', 'Myyrmäki Energia Areena') ON CONFLICT DO NOTHING;
INSERT INTO Staffmembers VALUES ('19820218-5928', 'Elena Bartell', '1982-02-18 00:00:00', '041-938-9451', 'nurse', '1', 'Myyrmäki Energia Areena') ON CONFLICT DO NOTHING;
INSERT INTO Staffmembers VALUES ('19720223-1761', 'Alfreda Champlin', '1972-02-23 00:00:00', '041-631-1851', 'nurse', '1', 'Myyrmäki Energia Areena') ON CONFLICT DO NOTHING;
INSERT INTO Staffmembers VALUES ('19700204-9152', 'Rod Upton', '1970-02-04 00:00:00', '050-590-9802', 'doctor', '1', 'Myyrmäki Energia Areena') ON CONFLICT DO NOTHING;
INSERT INTO Staffmembers VALUES ('19610330-6066', 'Nadia Jacobson', '1961-03-30 00:00:00', '041-144-8822', 'doctor', '1', 'Myyrmäki Energia Areena') ON CONFLICT DO NOTHING;


-- Populate Shifts table
INSERT INTO Shifts VALUES ('Messukeskus', 1, '19710226-109L') ON CONFLICT DO NOTHING;
INSERT INTO Shifts VALUES ('Messukeskus', 1, '19720212-5327') ON CONFLICT DO NOTHING;
INSERT INTO Shifts VALUES ('Messukeskus', 1, '19740516-4369') ON CONFLICT DO NOTHING;
INSERT INTO Shifts VALUES ('Messukeskus', 1, '19750726-4531') ON CONFLICT DO NOTHING;
INSERT INTO Shifts VALUES ('Messukeskus', 1, '19760102-8374') ON CONFLICT DO NOTHING;
INSERT INTO Shifts VALUES ('Messukeskus', 2, '19710226-109L') ON CONFLICT DO NOTHING;
INSERT INTO Shifts VALUES ('Messukeskus', 2, '19740308-7818') ON CONFLICT DO NOTHING;
INSERT INTO Shifts VALUES ('Messukeskus', 2, '19740731-5488') ON CONFLICT DO NOTHING;
INSERT INTO Shifts VALUES ('Messukeskus', 3, '19710226-109L') ON CONFLICT DO NOTHING;
INSERT INTO Shifts VALUES ('Messukeskus', 3, '19720212-5327') ON CONFLICT DO NOTHING;
INSERT INTO Shifts VALUES ('Messukeskus', 3, '19740308-7818') ON CONFLICT DO NOTHING;
INSERT INTO Shifts VALUES ('Messukeskus', 3, '19740731-5488') ON CONFLICT DO NOTHING;
INSERT INTO Shifts VALUES ('Messukeskus', 3, '19750726-4531') ON CONFLICT DO NOTHING;
INSERT INTO Shifts VALUES ('Messukeskus', 3, '19751212-3265') ON CONFLICT DO NOTHING;
INSERT INTO Shifts VALUES ('Messukeskus', 3, '19760102-8374') ON CONFLICT DO NOTHING;
INSERT INTO Shifts VALUES ('Messukeskus', 4, '19720212-5327') ON CONFLICT DO NOTHING;
INSERT INTO Shifts VALUES ('Messukeskus', 4, '19740516-4369') ON CONFLICT DO NOTHING;
INSERT INTO Shifts VALUES ('Messukeskus', 4, '19740731-5488') ON CONFLICT DO NOTHING;
INSERT INTO Shifts VALUES ('Messukeskus', 4, '19750726-4531') ON CONFLICT DO NOTHING;
INSERT INTO Shifts VALUES ('Messukeskus', 4, '19760102-8374') ON CONFLICT DO NOTHING;
INSERT INTO Shifts VALUES ('Messukeskus', 4, '19760420-5220') ON CONFLICT DO NOTHING;
INSERT INTO Shifts VALUES ('Messukeskus', 5, '19720212-5327') ON CONFLICT DO NOTHING;
INSERT INTO Shifts VALUES ('Messukeskus', 5, '19740516-4369') ON CONFLICT DO NOTHING;
INSERT INTO Shifts VALUES ('Messukeskus', 5, '19740731-5488') ON CONFLICT DO NOTHING;
INSERT INTO Shifts VALUES ('Messukeskus', 5, '19750726-4531') ON CONFLICT DO NOTHING;
INSERT INTO Shifts VALUES ('Messukeskus', 5, '19760102-8374') ON CONFLICT DO NOTHING;
INSERT INTO Shifts VALUES ('Messukeskus', 5, '19760420-5220') ON CONFLICT DO NOTHING;
INSERT INTO Shifts VALUES ('Malmi', 1, '19781030-815P') ON CONFLICT DO NOTHING;
INSERT INTO Shifts VALUES ('Malmi', 1, '19790817-5492') ON CONFLICT DO NOTHING;
INSERT INTO Shifts VALUES ('Malmi', 1, '19810923-245N') ON CONFLICT DO NOTHING;
INSERT INTO Shifts VALUES ('Malmi', 1, '19860607-9671') ON CONFLICT DO NOTHING;
INSERT INTO Shifts VALUES ('Malmi', 2, '19761205-4219') ON CONFLICT DO NOTHING;
INSERT INTO Shifts VALUES ('Malmi', 2, '19781030-815P') ON CONFLICT DO NOTHING;
INSERT INTO Shifts VALUES ('Malmi', 2, '19790212-2618') ON CONFLICT DO NOTHING;
INSERT INTO Shifts VALUES ('Malmi', 3, '19790212-2618') ON CONFLICT DO NOTHING;
INSERT INTO Shifts VALUES ('Malmi', 3, '19790817-5492') ON CONFLICT DO NOTHING;
INSERT INTO Shifts VALUES ('Malmi', 3, '19810923-245N') ON CONFLICT DO NOTHING;
INSERT INTO Shifts VALUES ('Malmi', 4, '19761205-4219') ON CONFLICT DO NOTHING;
INSERT INTO Shifts VALUES ('Malmi', 4, '19781030-815P') ON CONFLICT DO NOTHING;
INSERT INTO Shifts VALUES ('Malmi', 4, '19810923-245N') ON CONFLICT DO NOTHING;
INSERT INTO Shifts VALUES ('Malmi', 5, '19790212-2618') ON CONFLICT DO NOTHING;
INSERT INTO Shifts VALUES ('Malmi', 5, '19860607-9671') ON CONFLICT DO NOTHING;
INSERT INTO Shifts VALUES ('Malmi', 5, '19871016-6825') ON CONFLICT DO NOTHING;
INSERT INTO Shifts VALUES ('Tapiola Health Center', 1, '19920802-4854') ON CONFLICT DO NOTHING;
INSERT INTO Shifts VALUES ('Tapiola Health Center', 1, '19740919-7140') ON CONFLICT DO NOTHING;
INSERT INTO Shifts VALUES ('Tapiola Health Center', 1, '19940615-4448') ON CONFLICT DO NOTHING;
INSERT INTO Shifts VALUES ('Tapiola Health Center', 2, '19910122-1693') ON CONFLICT DO NOTHING;
INSERT INTO Shifts VALUES ('Tapiola Health Center', 2, '19930315-7195') ON CONFLICT DO NOTHING;
INSERT INTO Shifts VALUES ('Tapiola Health Center', 2, '19740919-7140') ON CONFLICT DO NOTHING;
INSERT INTO Shifts VALUES ('Tapiola Health Center', 2, '19940615-4448') ON CONFLICT DO NOTHING;
INSERT INTO Shifts VALUES ('Tapiola Health Center', 2, '19831020-4745') ON CONFLICT DO NOTHING;
INSERT INTO Shifts VALUES ('Tapiola Health Center', 3, '19740919-7140') ON CONFLICT DO NOTHING;
INSERT INTO Shifts VALUES ('Tapiola Health Center', 3, '19940615-4448') ON CONFLICT DO NOTHING;
INSERT INTO Shifts VALUES ('Tapiola Health Center', 3, '19831020-4745') ON CONFLICT DO NOTHING;
INSERT INTO Shifts VALUES ('Tapiola Health Center', 4, '19771112-4048') ON CONFLICT DO NOTHING;
INSERT INTO Shifts VALUES ('Tapiola Health Center', 4, '19910122-1693') ON CONFLICT DO NOTHING;
INSERT INTO Shifts VALUES ('Tapiola Health Center', 4, '19920802-4854') ON CONFLICT DO NOTHING;
INSERT INTO Shifts VALUES ('Tapiola Health Center', 4, '19930315-7195') ON CONFLICT DO NOTHING;
INSERT INTO Shifts VALUES ('Tapiola Health Center', 4, '19740919-7140') ON CONFLICT DO NOTHING;
INSERT INTO Shifts VALUES ('Tapiola Health Center', 4, '19940615-4448') ON CONFLICT DO NOTHING;
INSERT INTO Shifts VALUES ('Tapiola Health Center', 4, '19831020-4745') ON CONFLICT DO NOTHING;
INSERT INTO Shifts VALUES ('Tapiola Health Center', 5, '19740919-7140') ON CONFLICT DO NOTHING;
INSERT INTO Shifts VALUES ('Tapiola Health Center', 5, '19940615-4448') ON CONFLICT DO NOTHING;
INSERT INTO Shifts VALUES ('Iso Omena Vaccination Point', 1, '19930608-7263') ON CONFLICT DO NOTHING;
INSERT INTO Shifts VALUES ('Iso Omena Vaccination Point', 1, '19820721-424H') ON CONFLICT DO NOTHING;
INSERT INTO Shifts VALUES ('Iso Omena Vaccination Point', 1, '19571227-3064') ON CONFLICT DO NOTHING;
INSERT INTO Shifts VALUES ('Iso Omena Vaccination Point', 1, '19731009-8366') ON CONFLICT DO NOTHING;
INSERT INTO Shifts VALUES ('Iso Omena Vaccination Point', 2, '19701208-3270') ON CONFLICT DO NOTHING;
INSERT INTO Shifts VALUES ('Iso Omena Vaccination Point', 2, '19731007-1310') ON CONFLICT DO NOTHING;
INSERT INTO Shifts VALUES ('Iso Omena Vaccination Point', 2, '19920211-1565') ON CONFLICT DO NOTHING;
INSERT INTO Shifts VALUES ('Iso Omena Vaccination Point', 2, '19680115-6662') ON CONFLICT DO NOTHING;
INSERT INTO Shifts VALUES ('Iso Omena Vaccination Point', 2, '19731009-8366') ON CONFLICT DO NOTHING;
INSERT INTO Shifts VALUES ('Iso Omena Vaccination Point', 2, '19900513-9211') ON CONFLICT DO NOTHING;
INSERT INTO Shifts VALUES ('Iso Omena Vaccination Point', 3, '19701208-3270') ON CONFLICT DO NOTHING;
INSERT INTO Shifts VALUES ('Iso Omena Vaccination Point', 3, '19920211-1565') ON CONFLICT DO NOTHING;
INSERT INTO Shifts VALUES ('Iso Omena Vaccination Point', 3, '19571227-3064') ON CONFLICT DO NOTHING;
INSERT INTO Shifts VALUES ('Iso Omena Vaccination Point', 3, '19731009-8366') ON CONFLICT DO NOTHING;
INSERT INTO Shifts VALUES ('Iso Omena Vaccination Point', 4, '19930608-7263') ON CONFLICT DO NOTHING;
INSERT INTO Shifts VALUES ('Iso Omena Vaccination Point', 4, '19820721-424H') ON CONFLICT DO NOTHING;
INSERT INTO Shifts VALUES ('Iso Omena Vaccination Point', 4, '19731007-1310') ON CONFLICT DO NOTHING;
INSERT INTO Shifts VALUES ('Iso Omena Vaccination Point', 4, '19920211-1565') ON CONFLICT DO NOTHING;
INSERT INTO Shifts VALUES ('Iso Omena Vaccination Point', 4, '19571227-3064') ON CONFLICT DO NOTHING;
INSERT INTO Shifts VALUES ('Iso Omena Vaccination Point', 4, '19731009-8366') ON CONFLICT DO NOTHING;
INSERT INTO Shifts VALUES ('Iso Omena Vaccination Point', 5, '19820721-424H') ON CONFLICT DO NOTHING;
INSERT INTO Shifts VALUES ('Iso Omena Vaccination Point', 5, '19731007-1310') ON CONFLICT DO NOTHING;
INSERT INTO Shifts VALUES ('Iso Omena Vaccination Point', 5, '19680115-6662') ON CONFLICT DO NOTHING;
INSERT INTO Shifts VALUES ('Iso Omena Vaccination Point', 5, '19731009-8366') ON CONFLICT DO NOTHING;
INSERT INTO Shifts VALUES ('Sanomala Vaccination Point', 1, '19630812-6581') ON CONFLICT DO NOTHING;
INSERT INTO Shifts VALUES ('Sanomala Vaccination Point', 1, '19771003-5988') ON CONFLICT DO NOTHING;
INSERT INTO Shifts VALUES ('Sanomala Vaccination Point', 2, '19771003-5988') ON CONFLICT DO NOTHING;
INSERT INTO Shifts VALUES ('Sanomala Vaccination Point', 3, '19800310-4996') ON CONFLICT DO NOTHING;
INSERT INTO Shifts VALUES ('Sanomala Vaccination Point', 3, '19771003-5988') ON CONFLICT DO NOTHING;
INSERT INTO Shifts VALUES ('Sanomala Vaccination Point', 3, '19660601-1051') ON CONFLICT DO NOTHING;
INSERT INTO Shifts VALUES ('Sanomala Vaccination Point', 4, '19800310-4996') ON CONFLICT DO NOTHING;
INSERT INTO Shifts VALUES ('Sanomala Vaccination Point', 4, '19660601-1051') ON CONFLICT DO NOTHING;
INSERT INTO Shifts VALUES ('Sanomala Vaccination Point', 5, '19630812-6581') ON CONFLICT DO NOTHING;
INSERT INTO Shifts VALUES ('Sanomala Vaccination Point', 5, '19660601-1051') ON CONFLICT DO NOTHING;
INSERT INTO Shifts VALUES ('Myyrmäki Energia Areena', 1, '19880817-8027') ON CONFLICT DO NOTHING;
INSERT INTO Shifts VALUES ('Myyrmäki Energia Areena', 1, '19820218-5928') ON CONFLICT DO NOTHING;
INSERT INTO Shifts VALUES ('Myyrmäki Energia Areena', 1, '19720223-1761') ON CONFLICT DO NOTHING;
INSERT INTO Shifts VALUES ('Myyrmäki Energia Areena', 2, '19880817-8027') ON CONFLICT DO NOTHING;
INSERT INTO Shifts VALUES ('Myyrmäki Energia Areena', 2, '19820218-5928') ON CONFLICT DO NOTHING;
INSERT INTO Shifts VALUES ('Myyrmäki Energia Areena', 2, '19720223-1761') ON CONFLICT DO NOTHING;
INSERT INTO Shifts VALUES ('Myyrmäki Energia Areena', 3, '19880817-8027') ON CONFLICT DO NOTHING;
INSERT INTO Shifts VALUES ('Myyrmäki Energia Areena', 3, '19700204-9152') ON CONFLICT DO NOTHING;
INSERT INTO Shifts VALUES ('Myyrmäki Energia Areena', 4, '19880817-8027') ON CONFLICT DO NOTHING;
INSERT INTO Shifts VALUES ('Myyrmäki Energia Areena', 4, '19700204-9152') ON CONFLICT DO NOTHING;
INSERT INTO Shifts VALUES ('Myyrmäki Energia Areena', 4, '19610330-6066') ON CONFLICT DO NOTHING;
INSERT INTO Shifts VALUES ('Myyrmäki Energia Areena', 5, '19880817-8027') ON CONFLICT DO NOTHING;
INSERT INTO Shifts VALUES ('Myyrmäki Energia Areena', 5, '19700204-9152') ON CONFLICT DO NOTHING;


-- Populate Vaccinations table
INSERT INTO Vaccinations VALUES ('2021-01-30 00:00:00', 'Messukeskus', 'B05') ON CONFLICT DO NOTHING;
INSERT INTO Vaccinations VALUES ('2021-02-14 00:00:00', 'Messukeskus', 'B26') ON CONFLICT DO NOTHING;
INSERT INTO Vaccinations VALUES ('2021-01-30 00:00:00', 'Malmi', 'B25') ON CONFLICT DO NOTHING;
INSERT INTO Vaccinations VALUES ('2021-03-16 00:00:00', 'Tapiola Health Center', 'B08') ON CONFLICT DO NOTHING;
INSERT INTO Vaccinations VALUES ('2021-05-10 00:00:00', 'Tapiola Health Center', 'B11') ON CONFLICT DO NOTHING;
INSERT INTO Vaccinations VALUES ('2021-05-14 00:00:00', 'Iso Omena Vaccination Point', 'B30') ON CONFLICT DO NOTHING;
INSERT INTO Vaccinations VALUES ('2021-05-10 00:00:00', 'Sanomala Vaccination Point', 'B01') ON CONFLICT DO NOTHING;
INSERT INTO Vaccinations VALUES ('2021-05-10 00:00:00', 'Myyrmäki Energia Areena', 'B17') ON CONFLICT DO NOTHING;


-- Populate Patients table
INSERT INTO Patients VALUES ('841229-112N', 'Rodolfo O''Reilly', '1984-12-29 00:00:00', 'M') ON CONFLICT DO NOTHING;
INSERT INTO Patients VALUES ('780214-1893', 'Prof. Erling Morar MD', '1978-02-14 00:00:00', 'F') ON CONFLICT DO NOTHING;
INSERT INTO Patients VALUES ('950303-191X', 'Dr. Simeon Keeling II', '1995-03-03 00:00:00', 'M') ON CONFLICT DO NOTHING;
INSERT INTO Patients VALUES ('730218-253D', 'Dereck Beer', '1973-02-18 00:00:00', 'M') ON CONFLICT DO NOTHING;
INSERT INTO Patients VALUES ('971214-2818', 'Prof. Brice Metz PhD', '1997-12-14 00:00:00', 'M') ON CONFLICT DO NOTHING;
INSERT INTO Patients VALUES ('060325-323X', 'Darlene Brakus', '2006-03-25 00:00:00', 'F') ON CONFLICT DO NOTHING;
INSERT INTO Patients VALUES ('021201-3734', 'Prof. Raymond Beahan', '2002-12-01 00:00:00', 'M') ON CONFLICT DO NOTHING;
INSERT INTO Patients VALUES ('990614-395X', 'Josefa Greenfelder DVM', '1999-06-14 00:00:00', 'M') ON CONFLICT DO NOTHING;
INSERT INTO Patients VALUES ('050218-4796', 'Ms. Hassie Runolfsson PhD', '2005-02-18 00:00:00', 'F') ON CONFLICT DO NOTHING;
INSERT INTO Patients VALUES ('000127-4899', 'Ms. Opal Lang', '2000-01-27 00:00:00', 'F') ON CONFLICT DO NOTHING;
INSERT INTO Patients VALUES ('721030-5216', 'Noah Leuschke', '1972-10-30 00:00:00', 'M') ON CONFLICT DO NOTHING;
INSERT INTO Patients VALUES ('890104-753F', 'Lukas Runolfsdottir V', '1989-01-04 00:00:00', 'M') ON CONFLICT DO NOTHING;
INSERT INTO Patients VALUES ('720801-8748', 'Braeden Hackett', '1972-08-01 00:00:00', 'M') ON CONFLICT DO NOTHING;
INSERT INTO Patients VALUES ('021001-957O', 'John Larkin', '2002-10-01 00:00:00', 'M') ON CONFLICT DO NOTHING;
INSERT INTO Patients VALUES ('790608-9686', 'Gisselle Hilpert', '1979-06-08 00:00:00', 'F') ON CONFLICT DO NOTHING;
INSERT INTO Patients VALUES ('840805-1135', 'Lonzo Collier', '1984-08-05 00:00:00', 'M') ON CONFLICT DO NOTHING;
INSERT INTO Patients VALUES ('741104-114G', 'Marvin Fahey', '1974-11-04 00:00:00', 'M') ON CONFLICT DO NOTHING;
INSERT INTO Patients VALUES ('731122-126T', 'Johanna McClure', '1973-11-22 00:00:00', 'F') ON CONFLICT DO NOTHING;
INSERT INTO Patients VALUES ('060927-1438', 'Zetta Runolfsson', '2006-09-27 00:00:00', 'F') ON CONFLICT DO NOTHING;
INSERT INTO Patients VALUES ('801022-152O', 'Dane Barrows I', '1980-10-22 00:00:00', 'F') ON CONFLICT DO NOTHING;
INSERT INTO Patients VALUES ('850315-155F', 'Andreanne Jakubowski', '1985-03-15 00:00:00', 'M') ON CONFLICT DO NOTHING;
INSERT INTO Patients VALUES ('150601-1657', 'Mrs. Ophelia Corwin Sr.', '2015-06-01 00:00:00', 'F') ON CONFLICT DO NOTHING;
INSERT INTO Patients VALUES ('090202-1778', 'Alvera Medhurst', '2009-02-02 00:00:00', 'F') ON CONFLICT DO NOTHING;
INSERT INTO Patients VALUES ('801127-1830', 'Ms. Ivy Nolan', '1980-11-27 00:00:00', 'F') ON CONFLICT DO NOTHING;
INSERT INTO Patients VALUES ('930106-189U', 'Julius Marks', '1993-01-06 00:00:00', 'M') ON CONFLICT DO NOTHING;
INSERT INTO Patients VALUES ('950803-1903', 'Lyric Funk', '1995-08-03 00:00:00', 'M') ON CONFLICT DO NOTHING;
INSERT INTO Patients VALUES ('701117-199K', 'Leland Moen', '1970-11-17 00:00:00', 'M') ON CONFLICT DO NOTHING;
INSERT INTO Patients VALUES ('140307-203V', 'Rhea Hettinger', '2014-03-07 00:00:00', 'M') ON CONFLICT DO NOTHING;
INSERT INTO Patients VALUES ('031127-2165', 'Mathew Buckridge', '2003-11-27 00:00:00', 'M') ON CONFLICT DO NOTHING;
INSERT INTO Patients VALUES ('970801-218B', 'Jonathan Wyman', '1997-08-01 00:00:00', 'M') ON CONFLICT DO NOTHING;
INSERT INTO Patients VALUES ('000425-224A', 'Christian McGlynn', '2000-04-25 00:00:00', 'M') ON CONFLICT DO NOTHING;
INSERT INTO Patients VALUES ('130701-235N', 'Arnold Medhurst', '2013-07-01 00:00:00', 'M') ON CONFLICT DO NOTHING;
INSERT INTO Patients VALUES ('880706-240U', 'Prof. Willard Marquardt II', '1988-07-06 00:00:00', 'M') ON CONFLICT DO NOTHING;
INSERT INTO Patients VALUES ('871118-242U', 'Dr. Victor Armstrong', '1987-11-18 00:00:00', 'M') ON CONFLICT DO NOTHING;
INSERT INTO Patients VALUES ('701202-2506', 'Godfrey Haley Sr.', '1970-12-02 00:00:00', 'M') ON CONFLICT DO NOTHING;
INSERT INTO Patients VALUES ('110929-252V', 'Lilly Farrell V', '2011-09-29 00:00:00', 'F') ON CONFLICT DO NOTHING;
INSERT INTO Patients VALUES ('150416-255C', 'Jacklyn Padberg', '2015-04-16 00:00:00', 'F') ON CONFLICT DO NOTHING;
INSERT INTO Patients VALUES ('041030-267L', 'Isabell Nader', '2004-10-30 00:00:00', 'F') ON CONFLICT DO NOTHING;
INSERT INTO Patients VALUES ('720214-2797', 'Abbey Schuppe', '1972-02-14 00:00:00', 'F') ON CONFLICT DO NOTHING;
INSERT INTO Patients VALUES ('070117-2839', 'Estrella Johns', '2007-01-17 00:00:00', 'F') ON CONFLICT DO NOTHING;
INSERT INTO Patients VALUES ('751211-287B', 'Taylor Krajcik', '1975-12-11 00:00:00', 'F') ON CONFLICT DO NOTHING;
INSERT INTO Patients VALUES ('060729-292C', 'Marilou Ryan', '2006-07-29 00:00:00', 'F') ON CONFLICT DO NOTHING;
INSERT INTO Patients VALUES ('090707-295R', 'Alysson Jakubowski', '2009-07-07 00:00:00', 'F') ON CONFLICT DO NOTHING;
INSERT INTO Patients VALUES ('901010-3010', 'Emerald Johnson', '1990-10-10 00:00:00', 'F') ON CONFLICT DO NOTHING;
INSERT INTO Patients VALUES ('060421-302M', 'Faustino Barton', '2006-04-21 00:00:00', 'M') ON CONFLICT DO NOTHING;
INSERT INTO Patients VALUES ('801108-303B', 'Reva Waelchi', '1980-11-08 00:00:00', 'F') ON CONFLICT DO NOTHING;
INSERT INTO Patients VALUES ('710327-313B', 'Prof. Ewell Conn', '1971-03-27 00:00:00', 'M') ON CONFLICT DO NOTHING;
INSERT INTO Patients VALUES ('070101-326Q', 'Orpha Bogisich', '2007-01-01 00:00:00', 'F') ON CONFLICT DO NOTHING;
INSERT INTO Patients VALUES ('050922-330C', 'Mrs. Bulah Grant', '2005-09-22 00:00:00', 'F') ON CONFLICT DO NOTHING;
INSERT INTO Patients VALUES ('080514-3385', 'Dakota Greenfelder', '2008-05-14 00:00:00', 'F') ON CONFLICT DO NOTHING;
INSERT INTO Patients VALUES ('860811-3456', 'Syble Howe', '1986-08-11 00:00:00', 'F') ON CONFLICT DO NOTHING;
INSERT INTO Patients VALUES ('090502-3556', 'Mr. Dereck Brekke IV', '2009-05-02 00:00:00', 'M') ON CONFLICT DO NOTHING;
INSERT INTO Patients VALUES ('880810-358W', 'Braxton Hane', '1988-08-10 00:00:00', 'M') ON CONFLICT DO NOTHING;
INSERT INTO Patients VALUES ('130725-3724', 'Shemar Bradtke', '2013-07-25 00:00:00', 'F') ON CONFLICT DO NOTHING;
INSERT INTO Patients VALUES ('850212-376B', 'Mr. Ellis Jaskolski I', '1985-02-12 00:00:00', 'M') ON CONFLICT DO NOTHING;
INSERT INTO Patients VALUES ('720621-378H', 'Ms. Alisha Ortiz', '1972-06-21 00:00:00', 'F') ON CONFLICT DO NOTHING;
INSERT INTO Patients VALUES ('790503-394M', 'Kathlyn Moore', '1979-05-03 00:00:00', 'F') ON CONFLICT DO NOTHING;
INSERT INTO Patients VALUES ('930508-413K', 'Mr. Reid Little II', '1993-05-08 00:00:00', 'M') ON CONFLICT DO NOTHING;
INSERT INTO Patients VALUES ('960629-4156', 'Rossie Spinka', '1996-06-29 00:00:00', 'F') ON CONFLICT DO NOTHING;
INSERT INTO Patients VALUES ('190604-440B', 'Prof. Kevon Cummings', '2019-06-04 00:00:00', 'M') ON CONFLICT DO NOTHING;
INSERT INTO Patients VALUES ('090416-443L', 'Aliyah Harber', '2009-04-16 00:00:00', 'M') ON CONFLICT DO NOTHING;
INSERT INTO Patients VALUES ('120203-4446', 'Mr. Oren Block IV', '2012-02-03 00:00:00', 'M') ON CONFLICT DO NOTHING;
INSERT INTO Patients VALUES ('141231-4486', 'Kristina Pagac', '2014-12-31 00:00:00', 'F') ON CONFLICT DO NOTHING;
INSERT INTO Patients VALUES ('130205-474D', 'Elenora Sawayn', '2013-02-05 00:00:00', 'F') ON CONFLICT DO NOTHING;
INSERT INTO Patients VALUES ('951217-488K', 'Casey Brown', '1995-12-17 00:00:00', 'M') ON CONFLICT DO NOTHING;
INSERT INTO Patients VALUES ('930804-509I', 'Fay Ryan', '1993-08-04 00:00:00', 'F') ON CONFLICT DO NOTHING;
INSERT INTO Patients VALUES ('871128-519R', 'Flossie Torp', '1987-11-28 00:00:00', 'F') ON CONFLICT DO NOTHING;
INSERT INTO Patients VALUES ('990622-5231', 'Sid Hahn', '1999-06-22 00:00:00', 'M') ON CONFLICT DO NOTHING;
INSERT INTO Patients VALUES ('010327-525G', 'Dr. Mireille Hansen', '2001-03-27 00:00:00', 'M') ON CONFLICT DO NOTHING;
INSERT INTO Patients VALUES ('701127-5340', 'Mrs. Lorena Kreiger', '1970-11-27 00:00:00', 'F') ON CONFLICT DO NOTHING;
INSERT INTO Patients VALUES ('181012-5367', 'Bulah Heidenreich', '2018-10-12 00:00:00', 'M') ON CONFLICT DO NOTHING;
INSERT INTO Patients VALUES ('710724-5480', 'Dashawn Schamberger', '1971-07-24 00:00:00', 'M') ON CONFLICT DO NOTHING;
INSERT INTO Patients VALUES ('811005-5518', 'Miss Charity Powlowski', '1981-10-05 00:00:00', 'F') ON CONFLICT DO NOTHING;
INSERT INTO Patients VALUES ('011112-5614', 'Magnus Gerhold', '2001-11-12 00:00:00', 'M') ON CONFLICT DO NOTHING;
INSERT INTO Patients VALUES ('090226-5673', 'Dr. Lamont Ferry', '2009-02-26 00:00:00', 'M') ON CONFLICT DO NOTHING;
INSERT INTO Patients VALUES ('830820-576C', 'Loyal Hoeger', '1983-08-20 00:00:00', 'M') ON CONFLICT DO NOTHING;
INSERT INTO Patients VALUES ('120318-5791', 'Mathilde Smith', '2012-03-18 00:00:00', 'F') ON CONFLICT DO NOTHING;
INSERT INTO Patients VALUES ('010201-5814', 'Harrison Heaney', '2001-02-01 00:00:00', 'M') ON CONFLICT DO NOTHING;
INSERT INTO Patients VALUES ('041208-5838', 'Dr. Margarette Mertz IV', '2004-12-08 00:00:00', 'F') ON CONFLICT DO NOTHING;
INSERT INTO Patients VALUES ('160930-586P', 'Aiden Volkman', '2016-09-30 00:00:00', 'F') ON CONFLICT DO NOTHING;
INSERT INTO Patients VALUES ('160902-592P', 'Britney Gutmann', '2016-09-02 00:00:00', 'F') ON CONFLICT DO NOTHING;
INSERT INTO Patients VALUES ('011103-6045', 'Mrs. Kailyn Collier DVM', '2001-11-03 00:00:00', 'F') ON CONFLICT DO NOTHING;
INSERT INTO Patients VALUES ('710422-6080', 'Mr. Ike Wyman III', '1971-04-22 00:00:00', 'M') ON CONFLICT DO NOTHING;
INSERT INTO Patients VALUES ('881119-6103', 'Destiny Konopelski PhD', '1988-11-19 00:00:00', 'F') ON CONFLICT DO NOTHING;
INSERT INTO Patients VALUES ('890607-6113', 'Prof. Raphael Prosacco DVM', '1989-06-07 00:00:00', 'M') ON CONFLICT DO NOTHING;
INSERT INTO Patients VALUES ('960807-613R', 'Omer Denesik', '1996-08-07 00:00:00', 'M') ON CONFLICT DO NOTHING;
INSERT INTO Patients VALUES ('821213-6162', 'Tabitha Howe', '1982-12-13 00:00:00', 'M') ON CONFLICT DO NOTHING;
INSERT INTO Patients VALUES ('820126-623A', 'Miss Rosalyn Reichel MD', '1982-01-26 00:00:00', 'F') ON CONFLICT DO NOTHING;
INSERT INTO Patients VALUES ('000325-6271', 'Mariam Ritchie', '2000-03-25 00:00:00', 'F') ON CONFLICT DO NOTHING;
INSERT INTO Patients VALUES ('041122-6308', 'Prof. Demarco Hahn', '2004-11-22 00:00:00', 'M') ON CONFLICT DO NOTHING;
INSERT INTO Patients VALUES ('190615-6325', 'Ms. Nelda Brekke PhD', '2019-06-15 00:00:00', 'F') ON CONFLICT DO NOTHING;
INSERT INTO Patients VALUES ('180604-6419', 'Dr. Freddie Cartwright', '2018-06-04 00:00:00', 'M') ON CONFLICT DO NOTHING;
INSERT INTO Patients VALUES ('000506-642P', 'Cassandra Mayert', '2000-05-06 00:00:00', 'F') ON CONFLICT DO NOTHING;
INSERT INTO Patients VALUES ('021130-649D', 'Dr. Jayson Glover DVM', '2002-11-30 00:00:00', 'M') ON CONFLICT DO NOTHING;
INSERT INTO Patients VALUES ('990903-6514', 'Eldred Blanda', '1999-09-03 00:00:00', 'F') ON CONFLICT DO NOTHING;
INSERT INTO Patients VALUES ('881006-6543', 'Trycia Jaskolski', '1988-10-06 00:00:00', 'F') ON CONFLICT DO NOTHING;
INSERT INTO Patients VALUES ('780807-657T', 'Prof. Jorge Ward Jr.', '1978-08-07 00:00:00', 'M') ON CONFLICT DO NOTHING;
INSERT INTO Patients VALUES ('720414-668E', 'Paige Conn', '1972-04-14 00:00:00', 'F') ON CONFLICT DO NOTHING;
INSERT INTO Patients VALUES ('060406-686D', 'Dovie West', '2006-04-06 00:00:00', 'F') ON CONFLICT DO NOTHING;
INSERT INTO Patients VALUES ('110420-6983', 'Nellie Nitzsche', '2011-04-20 00:00:00', 'F') ON CONFLICT DO NOTHING;
INSERT INTO Patients VALUES ('820428-701R', 'Dallas Collins', '1982-04-28 00:00:00', 'M') ON CONFLICT DO NOTHING;
INSERT INTO Patients VALUES ('930804-7021', 'Prof. Harrison Toy', '1993-08-04 00:00:00', 'M') ON CONFLICT DO NOTHING;
INSERT INTO Patients VALUES ('761223-707W', 'Jacinto Prohaska', '1976-12-23 00:00:00', 'M') ON CONFLICT DO NOTHING;
INSERT INTO Patients VALUES ('760708-708H', 'Maia Towne II', '1976-07-08 00:00:00', 'M') ON CONFLICT DO NOTHING;
INSERT INTO Patients VALUES ('730927-7319', 'Mr. Gunner O''Hara MD', '1973-09-27 00:00:00', 'M') ON CONFLICT DO NOTHING;
INSERT INTO Patients VALUES ('851228-732X', 'Shanna Osinski', '1985-12-28 00:00:00', 'F') ON CONFLICT DO NOTHING;
INSERT INTO Patients VALUES ('210318-737O', 'Corine Hane', '2021-03-18 00:00:00', 'F') ON CONFLICT DO NOTHING;
INSERT INTO Patients VALUES ('140620-7388', 'Tina Kshlerin', '2014-06-20 00:00:00', 'F') ON CONFLICT DO NOTHING;
INSERT INTO Patients VALUES ('040208-7391', 'Prof. Sadye Walter', '2004-02-08 00:00:00', 'F') ON CONFLICT DO NOTHING;
INSERT INTO Patients VALUES ('780613-7560', 'Silas Fay', '1978-06-13 00:00:00', 'F') ON CONFLICT DO NOTHING;
INSERT INTO Patients VALUES ('840301-7572', 'Maxine Russel', '1984-03-01 00:00:00', 'M') ON CONFLICT DO NOTHING;
INSERT INTO Patients VALUES ('101229-7602', 'Amelie Cummings', '2010-12-29 00:00:00', 'F') ON CONFLICT DO NOTHING;
INSERT INTO Patients VALUES ('790121-7800', 'Otilia Stamm', '1979-01-21 00:00:00', 'M') ON CONFLICT DO NOTHING;
INSERT INTO Patients VALUES ('850310-787I', 'Cristal Borer', '1985-03-10 00:00:00', 'M') ON CONFLICT DO NOTHING;
INSERT INTO Patients VALUES ('970708-7885', 'Ilene Kris', '1997-07-08 00:00:00', 'F') ON CONFLICT DO NOTHING;
INSERT INTO Patients VALUES ('090602-7898', 'Hillard Boehm V', '2009-06-02 00:00:00', 'M') ON CONFLICT DO NOTHING;
INSERT INTO Patients VALUES ('150419-7928', 'Ona Crona III', '2015-04-19 00:00:00', 'M') ON CONFLICT DO NOTHING;
INSERT INTO Patients VALUES ('141005-8066', 'Dr. Rhea Schaefer I', '2014-10-05 00:00:00', 'M') ON CONFLICT DO NOTHING;
INSERT INTO Patients VALUES ('820906-808J', 'Prof. Paula Schaden I', '1982-09-06 00:00:00', 'F') ON CONFLICT DO NOTHING;
INSERT INTO Patients VALUES ('041113-8113', 'Prof. Yessenia Dooley Jr.', '2004-11-13 00:00:00', 'F') ON CONFLICT DO NOTHING;
INSERT INTO Patients VALUES ('940214-8179', 'Glenna Collier II', '1994-02-14 00:00:00', 'F') ON CONFLICT DO NOTHING;
INSERT INTO Patients VALUES ('040113-8197', 'Santiago Hintz', '2004-01-13 00:00:00', 'M') ON CONFLICT DO NOTHING;
INSERT INTO Patients VALUES ('770504-8289', 'Andreanne Stamm', '1977-05-04 00:00:00', 'F') ON CONFLICT DO NOTHING;
INSERT INTO Patients VALUES ('860804-829D', 'Miss Hope Jones', '1986-08-04 00:00:00', 'F') ON CONFLICT DO NOTHING;
INSERT INTO Patients VALUES ('071001-8429', 'Dr. Macie Ondricka', '2007-10-01 00:00:00', 'F') ON CONFLICT DO NOTHING;
INSERT INTO Patients VALUES ('190709-8467', 'Zander Powlowski', '2019-07-09 00:00:00', 'M') ON CONFLICT DO NOTHING;
INSERT INTO Patients VALUES ('171125-8471', 'Lucie Walter PhD', '2017-11-25 00:00:00', 'F') ON CONFLICT DO NOTHING;
INSERT INTO Patients VALUES ('710113-8500', 'Dr. Geovanni Krajcik', '1971-01-13 00:00:00', 'M') ON CONFLICT DO NOTHING;
INSERT INTO Patients VALUES ('090518-869W', 'Spencer Kunde', '2009-05-18 00:00:00', 'M') ON CONFLICT DO NOTHING;
INSERT INTO Patients VALUES ('710325-877I', 'Nicolette Moen', '1971-03-25 00:00:00', 'F') ON CONFLICT DO NOTHING;
INSERT INTO Patients VALUES ('760108-8906', 'Miss Helen Boyer', '1976-01-08 00:00:00', 'F') ON CONFLICT DO NOTHING;
INSERT INTO Patients VALUES ('060925-8919', 'Prof. Garry Renner Sr.', '2006-09-25 00:00:00', 'M') ON CONFLICT DO NOTHING;
INSERT INTO Patients VALUES ('741222-8947', 'Devon Nicolas', '1974-12-22 00:00:00', 'M') ON CONFLICT DO NOTHING;
INSERT INTO Patients VALUES ('120407-897G', 'Torey Mills', '2012-04-07 00:00:00', 'M') ON CONFLICT DO NOTHING;
INSERT INTO Patients VALUES ('810616-9029', 'Dr. Hester Veum PhD', '1981-06-16 00:00:00', 'M') ON CONFLICT DO NOTHING;
INSERT INTO Patients VALUES ('980626-9033', 'Leonie Dibbert', '1998-06-26 00:00:00', 'M') ON CONFLICT DO NOTHING;
INSERT INTO Patients VALUES ('130704-908X', 'Baby Kunde', '2013-07-04 00:00:00', 'M') ON CONFLICT DO NOTHING;
INSERT INTO Patients VALUES ('070218-9109', 'Angelina White', '2007-02-18 00:00:00', 'F') ON CONFLICT DO NOTHING;
INSERT INTO Patients VALUES ('100825-914H', 'Astrid Willms', '2010-08-25 00:00:00', 'F') ON CONFLICT DO NOTHING;
INSERT INTO Patients VALUES ('151129-922D', 'Ned Ziemann', '2015-11-29 00:00:00', 'F') ON CONFLICT DO NOTHING;
INSERT INTO Patients VALUES ('841026-9331', 'Brad Lehner', '1984-10-26 00:00:00', 'M') ON CONFLICT DO NOTHING;
INSERT INTO Patients VALUES ('760823-949J', 'Helene Schiller I', '1976-08-23 00:00:00', 'F') ON CONFLICT DO NOTHING;
INSERT INTO Patients VALUES ('161215-9509', 'Roslyn Rempel DDS', '2016-12-15 00:00:00', 'F') ON CONFLICT DO NOTHING;
INSERT INTO Patients VALUES ('730126-956K', 'Kayden Farrell', '1973-01-26 00:00:00', 'M') ON CONFLICT DO NOTHING;
INSERT INTO Patients VALUES ('891214-962C', 'Clifton Boyle DDS', '1989-12-14 00:00:00', 'M') ON CONFLICT DO NOTHING;
INSERT INTO Patients VALUES ('881210-971J', 'Brain Greenholt', '1988-12-10 00:00:00', 'M') ON CONFLICT DO NOTHING;
INSERT INTO Patients VALUES ('110614-978B', 'Ms. Hanna Corkery', '2011-06-14 00:00:00', 'F') ON CONFLICT DO NOTHING;
INSERT INTO Patients VALUES ('830908-9826', 'Ana Ward', '1983-09-08 00:00:00', 'F') ON CONFLICT DO NOTHING;
INSERT INTO Patients VALUES ('080305-985A', 'Ricky Kuhn', '2008-03-05 00:00:00', 'M') ON CONFLICT DO NOTHING;
INSERT INTO Patients VALUES ('011119-9865', 'Ahmad Kovacek', '2001-11-19 00:00:00', 'M') ON CONFLICT DO NOTHING;


-- Populate VaccinePatients table
INSERT INTO VaccinePatients VALUES ('2021-01-30 00:00:00', 'Messukeskus', '841229-112N') ON CONFLICT DO NOTHING;
INSERT INTO VaccinePatients VALUES ('2021-01-30 00:00:00', 'Messukeskus', '780214-1893') ON CONFLICT DO NOTHING;
INSERT INTO VaccinePatients VALUES ('2021-01-30 00:00:00', 'Messukeskus', '731122-126T') ON CONFLICT DO NOTHING;
INSERT INTO VaccinePatients VALUES ('2021-01-30 00:00:00', 'Messukeskus', '160930-586P') ON CONFLICT DO NOTHING;
INSERT INTO VaccinePatients VALUES ('2021-01-30 00:00:00', 'Messukeskus', '930106-189U') ON CONFLICT DO NOTHING;
INSERT INTO VaccinePatients VALUES ('2021-01-30 00:00:00', 'Messukeskus', '890104-753F') ON CONFLICT DO NOTHING;
INSERT INTO VaccinePatients VALUES ('2021-01-30 00:00:00', 'Messukeskus', '840805-1135') ON CONFLICT DO NOTHING;
INSERT INTO VaccinePatients VALUES ('2021-01-30 00:00:00', 'Messukeskus', '090202-1778') ON CONFLICT DO NOTHING;
INSERT INTO VaccinePatients VALUES ('2021-01-30 00:00:00', 'Messukeskus', '060927-1438') ON CONFLICT DO NOTHING;
INSERT INTO VaccinePatients VALUES ('2021-01-30 00:00:00', 'Messukeskus', '721030-5216') ON CONFLICT DO NOTHING;
INSERT INTO VaccinePatients VALUES ('2021-01-30 00:00:00', 'Messukeskus', '751211-287B') ON CONFLICT DO NOTHING;
INSERT INTO VaccinePatients VALUES ('2021-01-30 00:00:00', 'Messukeskus', '790608-9686') ON CONFLICT DO NOTHING;
INSERT INTO VaccinePatients VALUES ('2021-01-30 00:00:00', 'Messukeskus', '801108-303B') ON CONFLICT DO NOTHING;
INSERT INTO VaccinePatients VALUES ('2021-01-30 00:00:00', 'Messukeskus', '000127-4899') ON CONFLICT DO NOTHING;
INSERT INTO VaccinePatients VALUES ('2021-01-30 00:00:00', 'Messukeskus', '720801-8748') ON CONFLICT DO NOTHING;
INSERT INTO VaccinePatients VALUES ('2021-01-30 00:00:00', 'Messukeskus', '021001-957O') ON CONFLICT DO NOTHING;
INSERT INTO VaccinePatients VALUES ('2021-01-30 00:00:00', 'Messukeskus', '150601-1657') ON CONFLICT DO NOTHING;
INSERT INTO VaccinePatients VALUES ('2021-02-14 00:00:00', 'Messukeskus', '841229-112N') ON CONFLICT DO NOTHING;
INSERT INTO VaccinePatients VALUES ('2021-02-14 00:00:00', 'Messukeskus', '950303-191X') ON CONFLICT DO NOTHING;
INSERT INTO VaccinePatients VALUES ('2021-02-14 00:00:00', 'Messukeskus', '971214-2818') ON CONFLICT DO NOTHING;
INSERT INTO VaccinePatients VALUES ('2021-02-14 00:00:00', 'Messukeskus', '720621-378H') ON CONFLICT DO NOTHING;
INSERT INTO VaccinePatients VALUES ('2021-02-14 00:00:00', 'Messukeskus', '160930-586P') ON CONFLICT DO NOTHING;
INSERT INTO VaccinePatients VALUES ('2021-02-14 00:00:00', 'Messukeskus', '890104-753F') ON CONFLICT DO NOTHING;
INSERT INTO VaccinePatients VALUES ('2021-02-14 00:00:00', 'Messukeskus', '880810-358W') ON CONFLICT DO NOTHING;
INSERT INTO VaccinePatients VALUES ('2021-02-14 00:00:00', 'Messukeskus', '840805-1135') ON CONFLICT DO NOTHING;
INSERT INTO VaccinePatients VALUES ('2021-02-14 00:00:00', 'Messukeskus', '990614-395X') ON CONFLICT DO NOTHING;
INSERT INTO VaccinePatients VALUES ('2021-02-14 00:00:00', 'Messukeskus', '871118-242U') ON CONFLICT DO NOTHING;
INSERT INTO VaccinePatients VALUES ('2021-02-14 00:00:00', 'Messukeskus', '751211-287B') ON CONFLICT DO NOTHING;
INSERT INTO VaccinePatients VALUES ('2021-02-14 00:00:00', 'Messukeskus', '880706-240U') ON CONFLICT DO NOTHING;
INSERT INTO VaccinePatients VALUES ('2021-02-14 00:00:00', 'Messukeskus', '090707-295R') ON CONFLICT DO NOTHING;
INSERT INTO VaccinePatients VALUES ('2021-01-30 00:00:00', 'Malmi', '060325-323X') ON CONFLICT DO NOTHING;
INSERT INTO VaccinePatients VALUES ('2021-01-30 00:00:00', 'Malmi', '050218-4796') ON CONFLICT DO NOTHING;
INSERT INTO VaccinePatients VALUES ('2021-01-30 00:00:00', 'Malmi', '110929-252V') ON CONFLICT DO NOTHING;
INSERT INTO VaccinePatients VALUES ('2021-01-30 00:00:00', 'Malmi', '060729-292C') ON CONFLICT DO NOTHING;
INSERT INTO VaccinePatients VALUES ('2021-01-30 00:00:00', 'Malmi', '070101-326Q') ON CONFLICT DO NOTHING;
INSERT INTO VaccinePatients VALUES ('2021-01-30 00:00:00', 'Malmi', '880810-358W') ON CONFLICT DO NOTHING;
INSERT INTO VaccinePatients VALUES ('2021-01-30 00:00:00', 'Malmi', '720214-2797') ON CONFLICT DO NOTHING;
INSERT INTO VaccinePatients VALUES ('2021-01-30 00:00:00', 'Malmi', '970801-218B') ON CONFLICT DO NOTHING;
INSERT INTO VaccinePatients VALUES ('2021-01-30 00:00:00', 'Malmi', '070117-2839') ON CONFLICT DO NOTHING;
INSERT INTO VaccinePatients VALUES ('2021-01-30 00:00:00', 'Malmi', '741104-114G') ON CONFLICT DO NOTHING;
INSERT INTO VaccinePatients VALUES ('2021-01-30 00:00:00', 'Malmi', '901010-3010') ON CONFLICT DO NOTHING;
INSERT INTO VaccinePatients VALUES ('2021-01-30 00:00:00', 'Malmi', '701117-199K') ON CONFLICT DO NOTHING;
INSERT INTO VaccinePatients VALUES ('2021-01-30 00:00:00', 'Malmi', '041030-267L') ON CONFLICT DO NOTHING;
INSERT INTO VaccinePatients VALUES ('2021-01-30 00:00:00', 'Malmi', '790503-394M') ON CONFLICT DO NOTHING;
INSERT INTO VaccinePatients VALUES ('2021-01-30 00:00:00', 'Malmi', '850315-155F') ON CONFLICT DO NOTHING;
INSERT INTO VaccinePatients VALUES ('2021-03-16 00:00:00', 'Tapiola Health Center', '730218-253D') ON CONFLICT DO NOTHING;
INSERT INTO VaccinePatients VALUES ('2021-03-16 00:00:00', 'Tapiola Health Center', '140307-203V') ON CONFLICT DO NOTHING;
INSERT INTO VaccinePatients VALUES ('2021-03-16 00:00:00', 'Tapiola Health Center', '210318-737O') ON CONFLICT DO NOTHING;
INSERT INTO VaccinePatients VALUES ('2021-03-16 00:00:00', 'Tapiola Health Center', '871128-519R') ON CONFLICT DO NOTHING;
INSERT INTO VaccinePatients VALUES ('2021-03-16 00:00:00', 'Tapiola Health Center', '090416-443L') ON CONFLICT DO NOTHING;
INSERT INTO VaccinePatients VALUES ('2021-03-16 00:00:00', 'Tapiola Health Center', '060421-302M') ON CONFLICT DO NOTHING;
INSERT INTO VaccinePatients VALUES ('2021-03-16 00:00:00', 'Tapiola Health Center', '181012-5367') ON CONFLICT DO NOTHING;
INSERT INTO VaccinePatients VALUES ('2021-03-16 00:00:00', 'Tapiola Health Center', '090226-5673') ON CONFLICT DO NOTHING;
INSERT INTO VaccinePatients VALUES ('2021-03-16 00:00:00', 'Tapiola Health Center', '010327-525G') ON CONFLICT DO NOTHING;
INSERT INTO VaccinePatients VALUES ('2021-03-16 00:00:00', 'Tapiola Health Center', '031127-2165') ON CONFLICT DO NOTHING;
INSERT INTO VaccinePatients VALUES ('2021-05-10 00:00:00', 'Tapiola Health Center', '210318-737O') ON CONFLICT DO NOTHING;
INSERT INTO VaccinePatients VALUES ('2021-05-10 00:00:00', 'Tapiola Health Center', '130205-474D') ON CONFLICT DO NOTHING;
INSERT INTO VaccinePatients VALUES ('2021-05-10 00:00:00', 'Tapiola Health Center', '830820-576C') ON CONFLICT DO NOTHING;
INSERT INTO VaccinePatients VALUES ('2021-05-10 00:00:00', 'Tapiola Health Center', '871128-519R') ON CONFLICT DO NOTHING;
INSERT INTO VaccinePatients VALUES ('2021-05-10 00:00:00', 'Tapiola Health Center', '090416-443L') ON CONFLICT DO NOTHING;
INSERT INTO VaccinePatients VALUES ('2021-05-10 00:00:00', 'Tapiola Health Center', '060421-302M') ON CONFLICT DO NOTHING;
INSERT INTO VaccinePatients VALUES ('2021-05-10 00:00:00', 'Tapiola Health Center', '960629-4156') ON CONFLICT DO NOTHING;
INSERT INTO VaccinePatients VALUES ('2021-05-10 00:00:00', 'Tapiola Health Center', '930804-509I') ON CONFLICT DO NOTHING;
INSERT INTO VaccinePatients VALUES ('2021-05-10 00:00:00', 'Tapiola Health Center', '090226-5673') ON CONFLICT DO NOTHING;
INSERT INTO VaccinePatients VALUES ('2021-05-10 00:00:00', 'Tapiola Health Center', '010327-525G') ON CONFLICT DO NOTHING;
INSERT INTO VaccinePatients VALUES ('2021-05-10 00:00:00', 'Tapiola Health Center', '930508-413K') ON CONFLICT DO NOTHING;
INSERT INTO VaccinePatients VALUES ('2021-05-10 00:00:00', 'Tapiola Health Center', '990622-5231') ON CONFLICT DO NOTHING;
INSERT INTO VaccinePatients VALUES ('2021-05-10 00:00:00', 'Tapiola Health Center', '080514-3385') ON CONFLICT DO NOTHING;
INSERT INTO VaccinePatients VALUES ('2021-05-14 00:00:00', 'Iso Omena Vaccination Point', '041122-6308') ON CONFLICT DO NOTHING;
INSERT INTO VaccinePatients VALUES ('2021-05-14 00:00:00', 'Iso Omena Vaccination Point', '190604-440B') ON CONFLICT DO NOTHING;
INSERT INTO VaccinePatients VALUES ('2021-05-14 00:00:00', 'Iso Omena Vaccination Point', '011103-6045') ON CONFLICT DO NOTHING;
INSERT INTO VaccinePatients VALUES ('2021-05-14 00:00:00', 'Iso Omena Vaccination Point', '710724-5480') ON CONFLICT DO NOTHING;
INSERT INTO VaccinePatients VALUES ('2021-05-14 00:00:00', 'Iso Omena Vaccination Point', '041208-5838') ON CONFLICT DO NOTHING;
INSERT INTO VaccinePatients VALUES ('2021-05-14 00:00:00', 'Iso Omena Vaccination Point', '890607-6113') ON CONFLICT DO NOTHING;
INSERT INTO VaccinePatients VALUES ('2021-05-14 00:00:00', 'Iso Omena Vaccination Point', '010201-5814') ON CONFLICT DO NOTHING;
INSERT INTO VaccinePatients VALUES ('2021-05-14 00:00:00', 'Iso Omena Vaccination Point', '811005-5518') ON CONFLICT DO NOTHING;
INSERT INTO VaccinePatients VALUES ('2021-05-14 00:00:00', 'Iso Omena Vaccination Point', '120318-5791') ON CONFLICT DO NOTHING;
INSERT INTO VaccinePatients VALUES ('2021-05-10 00:00:00', 'Sanomala Vaccination Point', '701127-5340') ON CONFLICT DO NOTHING;
INSERT INTO VaccinePatients VALUES ('2021-05-10 00:00:00', 'Sanomala Vaccination Point', '881119-6103') ON CONFLICT DO NOTHING;
INSERT INTO VaccinePatients VALUES ('2021-05-10 00:00:00', 'Sanomala Vaccination Point', '180604-6419') ON CONFLICT DO NOTHING;
INSERT INTO VaccinePatients VALUES ('2021-05-10 00:00:00', 'Sanomala Vaccination Point', '160902-592P') ON CONFLICT DO NOTHING;
INSERT INTO VaccinePatients VALUES ('2021-05-10 00:00:00', 'Sanomala Vaccination Point', '850310-787I') ON CONFLICT DO NOTHING;
INSERT INTO VaccinePatients VALUES ('2021-05-10 00:00:00', 'Sanomala Vaccination Point', '190615-6325') ON CONFLICT DO NOTHING;
INSERT INTO VaccinePatients VALUES ('2021-05-10 00:00:00', 'Sanomala Vaccination Point', '821213-6162') ON CONFLICT DO NOTHING;
INSERT INTO VaccinePatients VALUES ('2021-05-10 00:00:00', 'Sanomala Vaccination Point', '000506-642P') ON CONFLICT DO NOTHING;
INSERT INTO VaccinePatients VALUES ('2021-05-10 00:00:00', 'Myyrmäki Energia Areena', '990903-6514') ON CONFLICT DO NOTHING;
INSERT INTO VaccinePatients VALUES ('2021-05-10 00:00:00', 'Myyrmäki Energia Areena', '110420-6983') ON CONFLICT DO NOTHING;
INSERT INTO VaccinePatients VALUES ('2021-05-10 00:00:00', 'Myyrmäki Energia Areena', '760708-708H') ON CONFLICT DO NOTHING;
INSERT INTO VaccinePatients VALUES ('2021-05-10 00:00:00', 'Myyrmäki Energia Areena', '930804-7021') ON CONFLICT DO NOTHING;
INSERT INTO VaccinePatients VALUES ('2021-05-10 00:00:00', 'Myyrmäki Energia Areena', '090602-7898') ON CONFLICT DO NOTHING;
INSERT INTO VaccinePatients VALUES ('2021-05-10 00:00:00', 'Myyrmäki Energia Areena', '000325-6271') ON CONFLICT DO NOTHING;
INSERT INTO VaccinePatients VALUES ('2021-05-10 00:00:00', 'Myyrmäki Energia Areena', '881006-6543') ON CONFLICT DO NOTHING;
INSERT INTO VaccinePatients VALUES ('2021-05-10 00:00:00', 'Myyrmäki Energia Areena', '960807-613R') ON CONFLICT DO NOTHING;
INSERT INTO VaccinePatients VALUES ('2021-05-10 00:00:00', 'Myyrmäki Energia Areena', '851228-732X') ON CONFLICT DO NOTHING;
INSERT INTO VaccinePatients VALUES ('2021-05-10 00:00:00', 'Myyrmäki Energia Areena', '060406-686D') ON CONFLICT DO NOTHING;
INSERT INTO VaccinePatients VALUES ('2021-05-10 00:00:00', 'Myyrmäki Energia Areena', '021130-649D') ON CONFLICT DO NOTHING;
INSERT INTO VaccinePatients VALUES ('2021-05-10 00:00:00', 'Myyrmäki Energia Areena', '041113-8113') ON CONFLICT DO NOTHING;
INSERT INTO VaccinePatients VALUES ('2021-05-10 00:00:00', 'Myyrmäki Energia Areena', '741222-8947') ON CONFLICT DO NOTHING;
INSERT INTO VaccinePatients VALUES ('2021-05-10 00:00:00', 'Myyrmäki Energia Areena', '090518-869W') ON CONFLICT DO NOTHING;


-- Populate Symptoms table
INSERT INTO Symptoms VALUES ('headache', '0') ON CONFLICT DO NOTHING;
INSERT INTO Symptoms VALUES ('diarrhea', '0') ON CONFLICT DO NOTHING;
INSERT INTO Symptoms VALUES ('joint pain', '0') ON CONFLICT DO NOTHING;
INSERT INTO Symptoms VALUES ('muscle ache', '0') ON CONFLICT DO NOTHING;
INSERT INTO Symptoms VALUES ('nausea', '0') ON CONFLICT DO NOTHING;
INSERT INTO Symptoms VALUES ('fatigue', '0') ON CONFLICT DO NOTHING;
INSERT INTO Symptoms VALUES ('chills', '0') ON CONFLICT DO NOTHING;
INSERT INTO Symptoms VALUES ('fever', '0') ON CONFLICT DO NOTHING;
INSERT INTO Symptoms VALUES ('high fever', '0') ON CONFLICT DO NOTHING;
INSERT INTO Symptoms VALUES ('inflammation near injection', '0') ON CONFLICT DO NOTHING;
INSERT INTO Symptoms VALUES ('itchiness near injection', '0') ON CONFLICT DO NOTHING;
INSERT INTO Symptoms VALUES ('warmth near injection', '0') ON CONFLICT DO NOTHING;
INSERT INTO Symptoms VALUES ('pain near injection', '0') ON CONFLICT DO NOTHING;
INSERT INTO Symptoms VALUES ('feelings of illness', '0') ON CONFLICT DO NOTHING;
INSERT INTO Symptoms VALUES ('lymfadenopathy', '0') ON CONFLICT DO NOTHING;
INSERT INTO Symptoms VALUES ('vomiting', '0') ON CONFLICT DO NOTHING;
INSERT INTO Symptoms VALUES ('anaphylaxia', '1') ON CONFLICT DO NOTHING;
INSERT INTO Symptoms VALUES ('shortness of breath', '1') ON CONFLICT DO NOTHING;
INSERT INTO Symptoms VALUES ('chest pain', '1') ON CONFLICT DO NOTHING;
INSERT INTO Symptoms VALUES ('leg swelling', '1') ON CONFLICT DO NOTHING;
INSERT INTO Symptoms VALUES ('prologned abdominal pain', '1') ON CONFLICT DO NOTHING;
INSERT INTO Symptoms VALUES ('sereve or prolonged headache', '1') ON CONFLICT DO NOTHING;
INSERT INTO Symptoms VALUES ('blurring of vision', '1') ON CONFLICT DO NOTHING;
INSERT INTO Symptoms VALUES ('hematomas', '1') ON CONFLICT DO NOTHING;
INSERT INTO Symptoms VALUES ('bluemarks or petechias (not near injection)', '1') ON CONFLICT DO NOTHING;


-- Populate Diagnosis table
INSERT INTO Diagnosis (patient, symptom, diagnosis_date) VALUES ('790503-394M', 'anaphylaxia', '2021-01-30 00:00:00') ON CONFLICT DO NOTHING;
INSERT INTO Diagnosis (patient, symptom, diagnosis_date) VALUES ('000127-4899', 'blurring of vision', '2021-02-01 00:00:00') ON CONFLICT DO NOTHING;
INSERT INTO Diagnosis (patient, symptom, diagnosis_date) VALUES ('090707-295R', 'chest pain', '2021-02-15 00:00:00') ON CONFLICT DO NOTHING;
INSERT INTO Diagnosis (patient, symptom, diagnosis_date) VALUES ('810616-9029', 'chest pain', '2021-04-30 00:00:00') ON CONFLICT DO NOTHING;
INSERT INTO Diagnosis (patient, symptom, diagnosis_date) VALUES ('701127-5340', 'chills', '2021-04-10 00:00:00') ON CONFLICT DO NOTHING;
INSERT INTO Diagnosis (patient, symptom, diagnosis_date) VALUES ('130205-474D', 'chills', '2021-05-11 00:00:00') ON CONFLICT DO NOTHING;
INSERT INTO Diagnosis (patient, symptom, diagnosis_date) VALUES ('210318-737O', 'diarrhea', '2021-03-20 00:00:00') ON CONFLICT DO NOTHING;
INSERT INTO Diagnosis (patient, symptom, diagnosis_date) VALUES ('041122-6308', 'diarrhea', '2021-05-15 00:00:00') ON CONFLICT DO NOTHING;
INSERT INTO Diagnosis (patient, symptom, diagnosis_date) VALUES ('041122-6308', 'diarrhea', '2021-06-16 00:00:00') ON CONFLICT DO NOTHING;
INSERT INTO Diagnosis (patient, symptom, diagnosis_date) VALUES ('880706-240U', 'diarrhea', '2021-02-16 00:00:00') ON CONFLICT DO NOTHING;
INSERT INTO Diagnosis (patient, symptom, diagnosis_date) VALUES ('730126-956K', 'diarrhea', NULL) ON CONFLICT DO NOTHING;
INSERT INTO Diagnosis (patient, symptom, diagnosis_date) VALUES ('881210-971J', 'diarrhea', '2021-03-13 00:00:00') ON CONFLICT DO NOTHING;
INSERT INTO Diagnosis (patient, symptom, diagnosis_date) VALUES ('060325-323X', 'fatigue', '2021-02-01 00:00:00') ON CONFLICT DO NOTHING;
INSERT INTO Diagnosis (patient, symptom, diagnosis_date) VALUES ('060421-302M', 'fatigue', '2021-05-11 00:00:00') ON CONFLICT DO NOTHING;
INSERT INTO Diagnosis (patient, symptom, diagnosis_date) VALUES ('130205-474D', 'feelings of illness', '2021-05-11 00:00:00') ON CONFLICT DO NOTHING;
INSERT INTO Diagnosis (patient, symptom, diagnosis_date) VALUES ('851228-732X', 'feelings of illness', '2021-05-12 00:00:00') ON CONFLICT DO NOTHING;
INSERT INTO Diagnosis (patient, symptom, diagnosis_date) VALUES ('010327-525G', 'feelings of illness', '2021-05-11 00:00:00') ON CONFLICT DO NOTHING;
INSERT INTO Diagnosis (patient, symptom, diagnosis_date) VALUES ('930804-7021', 'feelings of illness', '2021-05-12 00:00:00') ON CONFLICT DO NOTHING;
INSERT INTO Diagnosis (patient, symptom, diagnosis_date) VALUES ('760823-949J', 'feelings of illness', '2021-03-07 00:00:00') ON CONFLICT DO NOTHING;
INSERT INTO Diagnosis (patient, symptom, diagnosis_date) VALUES ('161215-9509', 'feelings of illness', '2021-04-11 00:00:00') ON CONFLICT DO NOTHING;
INSERT INTO Diagnosis (patient, symptom, diagnosis_date) VALUES ('950303-191X', 'fever', '2021-02-15 00:00:00') ON CONFLICT DO NOTHING;
INSERT INTO Diagnosis (patient, symptom, diagnosis_date) VALUES ('840805-1135', 'fever', '2021-02-15 00:00:00') ON CONFLICT DO NOTHING;
INSERT INTO Diagnosis (patient, symptom, diagnosis_date) VALUES ('060325-323X', 'fever', '2021-02-01 00:00:00') ON CONFLICT DO NOTHING;
INSERT INTO Diagnosis (patient, symptom, diagnosis_date) VALUES ('140307-203V', 'fever', '2021-03-17 00:00:00') ON CONFLICT DO NOTHING;
INSERT INTO Diagnosis (patient, symptom, diagnosis_date) VALUES ('990903-6514', 'fever', '2021-05-12 00:00:00') ON CONFLICT DO NOTHING;
INSERT INTO Diagnosis (patient, symptom, diagnosis_date) VALUES ('110420-6983', 'fever', '2021-05-12 00:00:00') ON CONFLICT DO NOTHING;
INSERT INTO Diagnosis (patient, symptom, diagnosis_date) VALUES ('000127-4899', 'fever', '2021-02-01 00:00:00') ON CONFLICT DO NOTHING;
INSERT INTO Diagnosis (patient, symptom, diagnosis_date) VALUES ('741222-8947', 'fever', '2021-03-14 00:00:00') ON CONFLICT DO NOTHING;
INSERT INTO Diagnosis (patient, symptom, diagnosis_date) VALUES ('980626-9033', 'fever', '2021-05-01 00:00:00') ON CONFLICT DO NOTHING;
INSERT INTO Diagnosis (patient, symptom, diagnosis_date) VALUES ('841026-9331', 'fever', '2021-04-17 00:00:00') ON CONFLICT DO NOTHING;
INSERT INTO Diagnosis (patient, symptom, diagnosis_date) VALUES ('841229-112N', 'headache', '2021-02-16 00:00:00') ON CONFLICT DO NOTHING;
INSERT INTO Diagnosis (patient, symptom, diagnosis_date) VALUES ('731122-126T', 'headache', '2021-02-02 00:00:00') ON CONFLICT DO NOTHING;
INSERT INTO Diagnosis (patient, symptom, diagnosis_date) VALUES ('930106-189U', 'headache', '2021-02-01 00:00:00') ON CONFLICT DO NOTHING;
INSERT INTO Diagnosis (patient, symptom, diagnosis_date) VALUES ('060325-323X', 'headache', '2021-02-02 00:00:00') ON CONFLICT DO NOTHING;
INSERT INTO Diagnosis (patient, symptom, diagnosis_date) VALUES ('730218-253D', 'headache', '2021-03-16 00:00:00') ON CONFLICT DO NOTHING;
INSERT INTO Diagnosis (patient, symptom, diagnosis_date) VALUES ('090202-1778', 'headache', '2021-02-02 00:00:00') ON CONFLICT DO NOTHING;
INSERT INTO Diagnosis (patient, symptom, diagnosis_date) VALUES ('751211-287B', 'headache', '2021-02-15 00:00:00') ON CONFLICT DO NOTHING;
INSERT INTO Diagnosis (patient, symptom, diagnosis_date) VALUES ('850310-787I', 'headache', '2021-05-12 00:00:00') ON CONFLICT DO NOTHING;
INSERT INTO Diagnosis (patient, symptom, diagnosis_date) VALUES ('110420-6983', 'headache', '2021-05-13 00:00:00') ON CONFLICT DO NOTHING;
INSERT INTO Diagnosis (patient, symptom, diagnosis_date) VALUES ('850315-155F', 'headache', '2021-02-02 00:00:00') ON CONFLICT DO NOTHING;
INSERT INTO Diagnosis (patient, symptom, diagnosis_date) VALUES ('070218-9109', 'headache', '2021-04-14 00:00:00') ON CONFLICT DO NOTHING;
INSERT INTO Diagnosis (patient, symptom, diagnosis_date) VALUES ('100825-914H', 'headache', '2021-03-03 00:00:00') ON CONFLICT DO NOTHING;
INSERT INTO Diagnosis (patient, symptom, diagnosis_date) VALUES ('080305-985A', 'headache', '2021-01-31 00:00:00') ON CONFLICT DO NOTHING;
INSERT INTO Diagnosis (patient, symptom, diagnosis_date) VALUES ('751211-287B', 'high fever', '2021-02-15 00:00:00') ON CONFLICT DO NOTHING;
INSERT INTO Diagnosis (patient, symptom, diagnosis_date) VALUES ('090226-5673', 'high fever', '2021-05-12 00:00:00') ON CONFLICT DO NOTHING;
INSERT INTO Diagnosis (patient, symptom, diagnosis_date) VALUES ('971214-2818', 'inflammation near injection', '2021-02-16 00:00:00') ON CONFLICT DO NOTHING;
INSERT INTO Diagnosis (patient, symptom, diagnosis_date) VALUES ('930106-189U', 'inflammation near injection', '2021-02-01 00:00:00') ON CONFLICT DO NOTHING;
INSERT INTO Diagnosis (patient, symptom, diagnosis_date) VALUES ('090202-1778', 'itchiness near injection', '2021-02-01 00:00:00') ON CONFLICT DO NOTHING;
INSERT INTO Diagnosis (patient, symptom, diagnosis_date) VALUES ('730218-253D', 'itchiness near injection', '2021-03-16 00:00:00') ON CONFLICT DO NOTHING;
INSERT INTO Diagnosis (patient, symptom, diagnosis_date) VALUES ('701127-5340', 'itchiness near injection', '2021-05-12 00:00:00') ON CONFLICT DO NOTHING;
INSERT INTO Diagnosis (patient, symptom, diagnosis_date) VALUES ('871128-519R', 'itchiness near injection', '2021-03-17 00:00:00') ON CONFLICT DO NOTHING;
INSERT INTO Diagnosis (patient, symptom, diagnosis_date) VALUES ('841229-112N', 'joint pain', '2021-02-10 00:00:00') ON CONFLICT DO NOTHING;
INSERT INTO Diagnosis (patient, symptom, diagnosis_date) VALUES ('950303-191X', 'joint pain', '2021-02-16 00:00:00') ON CONFLICT DO NOTHING;
INSERT INTO Diagnosis (patient, symptom, diagnosis_date) VALUES ('840805-1135', 'joint pain', '2021-02-01 00:00:00') ON CONFLICT DO NOTHING;
INSERT INTO Diagnosis (patient, symptom, diagnosis_date) VALUES ('090202-1778', 'joint pain', '2021-02-02 00:00:00') ON CONFLICT DO NOTHING;
INSERT INTO Diagnosis (patient, symptom, diagnosis_date) VALUES ('090518-869W', 'joint pain', '2021-05-11 00:00:00') ON CONFLICT DO NOTHING;
INSERT INTO Diagnosis (patient, symptom, diagnosis_date) VALUES ('000325-6271', 'joint pain', '2021-05-13 00:00:00') ON CONFLICT DO NOTHING;
INSERT INTO Diagnosis (patient, symptom, diagnosis_date) VALUES ('821213-6162', 'joint pain', '2021-05-12 00:00:00') ON CONFLICT DO NOTHING;
INSERT INTO Diagnosis (patient, symptom, diagnosis_date) VALUES ('060421-302M', 'joint pain', '2021-03-18 00:00:00') ON CONFLICT DO NOTHING;
INSERT INTO Diagnosis (patient, symptom, diagnosis_date) VALUES ('850310-787I', 'joint pain', '2021-05-12 00:00:00') ON CONFLICT DO NOTHING;
INSERT INTO Diagnosis (patient, symptom, diagnosis_date) VALUES ('110420-6983', 'joint pain', '2021-05-13 00:00:00') ON CONFLICT DO NOTHING;
INSERT INTO Diagnosis (patient, symptom, diagnosis_date) VALUES ('851228-732X', 'joint pain', '2021-05-11 00:00:00') ON CONFLICT DO NOTHING;
INSERT INTO Diagnosis (patient, symptom, diagnosis_date) VALUES ('850315-155F', 'joint pain', '2021-02-02 00:00:00') ON CONFLICT DO NOTHING;
INSERT INTO Diagnosis (patient, symptom, diagnosis_date) VALUES ('891214-962C', 'joint pain', '2021-04-20 00:00:00') ON CONFLICT DO NOTHING;
INSERT INTO Diagnosis (patient, symptom, diagnosis_date) VALUES ('011119-9865', 'joint pain', '2021-05-05 00:00:00') ON CONFLICT DO NOTHING;
INSERT INTO Diagnosis (patient, symptom, diagnosis_date) VALUES ('041113-8113', 'lymfadenopathy', '2021-05-13 00:00:00') ON CONFLICT DO NOTHING;
INSERT INTO Diagnosis (patient, symptom, diagnosis_date) VALUES ('990903-6514', 'lymfadenopathy', '2021-05-12 00:00:00') ON CONFLICT DO NOTHING;
INSERT INTO Diagnosis (patient, symptom, diagnosis_date) VALUES ('780214-1893', 'muscle ache', '2021-01-31 00:00:00') ON CONFLICT DO NOTHING;
INSERT INTO Diagnosis (patient, symptom, diagnosis_date) VALUES ('060421-302M', 'muscle ache', '2021-05-11 00:00:00') ON CONFLICT DO NOTHING;
INSERT INTO Diagnosis (patient, symptom, diagnosis_date) VALUES ('090226-5673', 'muscle ache', '2021-05-12 00:00:00') ON CONFLICT DO NOTHING;
INSERT INTO Diagnosis (patient, symptom, diagnosis_date) VALUES ('150601-1657', 'muscle ache', '2021-02-01 00:00:00') ON CONFLICT DO NOTHING;
INSERT INTO Diagnosis (patient, symptom, diagnosis_date) VALUES ('851228-732X', 'muscle ache', '2021-05-11 00:00:00') ON CONFLICT DO NOTHING;
INSERT INTO Diagnosis (patient, symptom, diagnosis_date) VALUES ('090707-295R', 'muscle ache', '2021-02-15 00:00:00') ON CONFLICT DO NOTHING;
INSERT INTO Diagnosis (patient, symptom, diagnosis_date) VALUES ('010327-525G', 'muscle ache', '2021-03-17 00:00:00') ON CONFLICT DO NOTHING;
INSERT INTO Diagnosis (patient, symptom, diagnosis_date) VALUES ('010327-525G', 'muscle ache', '2021-05-11 00:00:00') ON CONFLICT DO NOTHING;
INSERT INTO Diagnosis (patient, symptom, diagnosis_date) VALUES ('010201-5814', 'muscle ache', '2021-05-16 00:00:00') ON CONFLICT DO NOTHING;
INSERT INTO Diagnosis (patient, symptom, diagnosis_date) VALUES ('881006-6543', 'muscle ache', '2021-05-12 00:00:00') ON CONFLICT DO NOTHING;
INSERT INTO Diagnosis (patient, symptom, diagnosis_date) VALUES ('790608-9686', 'muscle ache', '2021-02-01 00:00:00') ON CONFLICT DO NOTHING;
INSERT INTO Diagnosis (patient, symptom, diagnosis_date) VALUES ('890104-753F', 'muscle ache', '2021-02-15 00:00:00') ON CONFLICT DO NOTHING;
INSERT INTO Diagnosis (patient, symptom, diagnosis_date) VALUES ('060925-8919', 'muscle ache', '2021-02-10 00:00:00') ON CONFLICT DO NOTHING;
INSERT INTO Diagnosis (patient, symptom, diagnosis_date) VALUES ('151129-922D', 'muscle ache', '2021-05-23 00:00:00') ON CONFLICT DO NOTHING;
INSERT INTO Diagnosis (patient, symptom, diagnosis_date) VALUES ('110614-978B', 'muscle ache', '2021-02-17 00:00:00') ON CONFLICT DO NOTHING;
INSERT INTO Diagnosis (patient, symptom, diagnosis_date) VALUES ('841229-112N', 'nausea', '2021-02-10 00:00:00') ON CONFLICT DO NOTHING;
INSERT INTO Diagnosis (patient, symptom, diagnosis_date) VALUES ('730218-253D', 'nausea', '2021-03-16 00:00:00') ON CONFLICT DO NOTHING;
INSERT INTO Diagnosis (patient, symptom, diagnosis_date) VALUES ('990903-6514', 'nausea', '2021-05-14 00:00:00') ON CONFLICT DO NOTHING;
INSERT INTO Diagnosis (patient, symptom, diagnosis_date) VALUES ('130205-474D', 'nausea', '2021-05-11 00:00:00') ON CONFLICT DO NOTHING;
INSERT INTO Diagnosis (patient, symptom, diagnosis_date) VALUES ('090226-5673', 'nausea', '2021-03-18 00:00:00') ON CONFLICT DO NOTHING;
INSERT INTO Diagnosis (patient, symptom, diagnosis_date) VALUES ('150601-1657', 'nausea', '2021-02-01 00:00:00') ON CONFLICT DO NOTHING;
INSERT INTO Diagnosis (patient, symptom, diagnosis_date) VALUES ('130704-908X', 'nausea', '2021-01-01 00:00:00') ON CONFLICT DO NOTHING;
INSERT INTO Diagnosis (patient, symptom, diagnosis_date) VALUES ('060325-323X', 'pain near injection', '2021-02-01 00:00:00') ON CONFLICT DO NOTHING;
INSERT INTO Diagnosis (patient, symptom, diagnosis_date) VALUES ('841229-112N', 'vomiting', NULL) ON CONFLICT DO NOTHING;
INSERT INTO Diagnosis (patient, symptom, diagnosis_date) VALUES ('930804-509I', 'vomiting', '2021-05-11 00:00:00') ON CONFLICT DO NOTHING;
INSERT INTO Diagnosis (patient, symptom, diagnosis_date) VALUES ('120407-897G', 'vomiting', '2021-05-11 00:00:00') ON CONFLICT DO NOTHING;
INSERT INTO Diagnosis (patient, symptom, diagnosis_date) VALUES ('830908-9826', 'vomiting', '2021-02-18 00:00:00') ON CONFLICT DO NOTHING;
INSERT INTO Diagnosis (patient, symptom, diagnosis_date) VALUES ('701127-5340', 'warmth near injection', '2021-05-12 00:00:00') ON CONFLICT DO NOTHING;
INSERT INTO Diagnosis (patient, symptom, diagnosis_date) VALUES ('871128-519R', 'warmth near injection', '2021-03-17 00:00:00') ON CONFLICT DO NOTHING;
INSERT INTO Diagnosis (patient, symptom, diagnosis_date) VALUES ('850310-787I', 'warmth near injection', '2021-05-11 00:00:00') ON CONFLICT DO NOTHING;


